NAME,BANNED,SCOPE,ORG,YEAR,GROUPS_NO,GROUPS_MEMS,HIGHER_MEMS,VIO_MEMS,VIO_MEM_DIFF,HIGHER_VIO_MEMS,VIO_FR_CRIME,FR_HOMOCIDES,FR_PROP_CRIME,LOCATION,REGION,LAT,LON,SIZE,ELECT_CAMPAIGN,CRIME_ASS,CRIME_ACTS,VIO_CRIME_ASS,129StGB,INTERNATIONAL_LINKS,BAN_LINK,APABIZ_SOURCES,NOTES,CLASS,VFS1990,VFS1991,VFS1992,VFS1993,VFS1994,VFS1995,VFS1996,VFS1997,VFS1998,VFS1999,VFS2000,VFS2001,VFS2002,VFS2003,VFS2004,VFS2005,VFS2006,VFS2007,VFS2008,VFS2009,VFS2010,VFS2011,VFS2012,VFS2013,VFS2014,VFS2015,VFS2016,VFS2017,VFS2018,VFS2019,VFS2020,VFS2021,VFS2022,FIRST,LAST,BAN_DATE,SHORT_NAME,BAN,VIO_LEVEL,VIO_LEVEL_1stYEAR,VIO_LEVEL_lastYEAR,RMEM_DIFF,HOM,PROP,LINK,NNOV,PARTY,YMON,BAN_LINKS,B_LINKS_AUTO,SPD_BMI,SPD_VFS,PROP_trendline,PROP_trend_diff
Neonationalsozialistenkreis um Curt Müller,0,regional,association,1990,69,32200,0,1400,0,,309,2,1031,Mainz,Rheinland-Pfalz,50.0012314,8.2762513,120 (1990),,,,,,1,Leader,,Curt and Ursula Müller,neo-Nazi,YES,,,,,,,,,,,,,,,,,,,,,,,,,,,,,,,,,1990-01-01,1991-01-01,,Ns-kreis um Curt Müller,0,309,309,309,0,1,1031,0.75,1,0,1,Leader,0.75,0,0,3427.784091,-2396.78409
Buerger- und Bauerninitiative (BBI),0,international,association,1990,69,32200,0,1400,0,,309,2,1031,,Denmark,,,,,,,,,1,Leader,"https://www.apabiz.de/archiv/material/Profile/Christophersen,%20Thies.htm","Thies Christophersen, fled abroad to avoid prosecution",neo-Nazi,YES,YES,YES,YES,YES,YES,,,,,,,,,,,,,,,,,,,,,,,,,,,,1990-01-01,1996-01-01,,Buerger- und Bauerninitiative,0,309,309,837,0,1,1031,0.75,1,0,6,Leader,0.75,0,0,3427.784091,-2396.78409
Deutsche Bürgerinitiative e.V. (DBI),0,regional,association,1990,69,32200,0,1400,0,,309,2,1031,Schwarzenborn,Hessen,50.9105494,9.4463009,,,1,,,,1,Leader,https://www.apabiz.de/archiv/material/Profile/DBI.htm,"Manfred Roeder, jailed for leading a terrorist group in 1982 (Deutsche Aktionsgruppen)",neo-Nazi,YES,,YES,YES,YES,YES,YES,YES,YES,,,,,,,,,,,,,,,,,,,,,,,,,1990-01-01,1999-01-01,,Deutsche Bürgerinitiative e.V.,0,309,309,708,0,1,1031,0.75,1,0,8,Leader,0.75,0,0,3427.784091,-2396.78409
Aktion Sauberes Deutschland (ASD),0,regional,association,1990,69,32200,0,1400,0,,309,2,1031,"Kaiserslautern, Grenzach","Rheinland-Pfalz, Baden-Württemberg",49.4432174,7.7689951,,,,,,,,Leader,https://www.apabiz.de/archiv/material/Profile/ASD.htm,led by Ernst Tag,neo-Nazi,YES,,,,,,,,,,,,,,,,,,,,,,,,,,,,,,,,,1990-01-01,1991-01-01,,Aktion Sauberes Deutschland,0,309,309,309,0,1,1031,0.75,1,0,1,Leader,0.75,0,0,3427.784091,-2396.78409
Nationaldemokratische Partei Deutschlands (NPD),0,national,party,1990,69,32200,0,1400,0,,309,2,1031,Berlin,Berlin,52.5170365,13.3888599,"3000 (2022), 3150 (2021), 3500 (2020), 3600 (2019), 4000 (2018), 4500 (2017), 5000 (2016), 5200 (2014), 5500 (2013), 6000 (2012), 6300 (2011), 6600 (2010), 6800 (2009), 7000 (2008), 72000 (2007), 7000 (2006), 6000 (2005), 5300 (2004), 5000 (2003), 6100 (2002), 6500 (2000), 6000 (1998), 4300 (1997), 3500 (1996), 4000 (1995), 4500 (1994), 5000 (1992), 6100 (1991), 6500 (1990)",YES,"YES: (VfS1994, p94), (VfS2000, pp74-75)",7 (1994),,,1,Members,,,national democrats (before 1993); Rechtsextremistische Partei (since 1993),YES,YES,YES,YES,YES,YES,YES,YES,YES,YES,YES,YES,YES,YES,YES,YES,YES,YES,YES,YES,YES,YES,YES,YES,YES,YES,YES,YES,YES,YES,YES,YES,YES,1990-01-01,2023-01-01,,Nationaldemokratische Partei Deutschlands ,0,309,309,1016,0,1,1031,0.25,0,1,33,Members,0.25,0,0,3427.784091,-2396.78409
Deutsche Volksunion (DVU),0,national,party,1990,69,32200,0,1400,0,,309,2,1031,München,Bayern,48.1371079,11.5753822,"0 (2012), 1000 (2011), 3000 (2010), 4500 (2009), 6000 (2008), 7000 (2007), 8500 (2006), 9000 (2005), 11000 (2004), 11500 (2003), 13000 (2002), 15000 (2001), 17000 (1999), 18000 (1998), 15000 (1995), 20000 (1994), 26000 (1992), 24000 (1991), 22000 (1990)",YES,"YES (VfS1994, pp86-87), (VfS1995, p112)",,YES,,1,Members,,"led by Gerhard Frey, led by Matthias Faust from 2010",national democrats (before 1993); Rechtsextremistische Partei (since 1993),YES,YES,YES,YES,YES,YES,YES,YES,YES,YES,YES,YES,YES,YES,YES,YES,YES,YES,YES,YES,YES,YES,yes,yes,,,,,,,,,,1990-01-01,2012-01-01,,Deutsche Volksunion,0,309,309,755,0,1,1031,0.25,0,1,22,Members,0.25,0,0,3427.784091,-2396.78409
Gesellschaft fuer Freie Publizistik (GFP),0,national,association,1992,82,41900,1,6400,2200,,2639,17,3125,Oberboihingen,Baden-Württemberg,48.6475985,9.3668947,"500 (2003), 450 (1997), 400 (1996), 500 (1995), 400 (1992)",,,,,,,None,https://www.apabiz.de/archiv/material/Profile/GFP.htm,"led by Rolf Kosiek, founded in 1960; close to NPD; yearly GfP Kongresse",sonstige rechtsextremistische Gruppen,,,YES,YES,YES,YES,YES,YES,YES,YES,YES,,,YES,YES,YES,YES,YES,YES,YES,YES,YES,YES,,,yes,YES,,,,,,,1992-01-01,2017-01-01,,Gesellschaft fuer Freie Publizistik,0,2639,2639,1600,2200,1,3125,0,0,0,20,None,0,0,0,4167.889,-1042.88856
Deutsch Nationale Partei (DNP),0,national,association,1992,82,41900,1,6400,2200,,2639,17,3125,Wechselburg,Sachsen,51.0048471,12.7733471,50 (1992),,"YES: (VfS1992, p90)",,,,,Leader,https://www.apabiz.de/archiv/material/Profile/DNP.htm,led by Thomas Dienel,neo-Nazi,,,YES,,,,,,,,,,,,,,,,,,,,,,,,,,,,,,,1992-01-01,1993-01-01,,Deutsch Nationale Partei,0,2639,2639,2639,2200,1,3125,0.75,1,0,1,Leader,0.75,0,0,4167.889,-1042.88856
Wehrsportgruppe 'Werwolf Jagdeinheit Senftenberg',0,regional,association,1992,82,41900,1,6400,2200,,2639,17,3125,Senftenberg,Brandenburg,51.5191742,14.0046541,12,,"YES: (VfS1992, p90)",weapons possession,,,,Members,https://todesopfer-rechter-gewalt-in-brandenburg.de/wp-content/uploads/2021/11/beitrag-simone-wendler.pdf,,,,,YES,,,,,,,,,,,,,,,,,,,,,,,,,,,,,,,1992-01-01,1993-01-01,,WSG 'Werwolf Jagdeinheit Senftenberg',0,2639,2639,2639,2200,1,3125,0.25,1,0,1,Members,0.25,0,0,4167.889,-1042.88856
Spremberger Kameradschaft (SK),0,regional,association,1992,82,41900,1,6400,2200,,2639,17,3125,Spremberg,Sachsen,51.5714513,14.3804302,46,,"YES: (VfS1992, p90)",weapons possession,,,,Both,https://todesopfer-rechter-gewalt-in-brandenburg.de/timo-kaehlke/,connected to Deutsche Alternative (DA),,,,YES,,,,,,,,,,,,,,,,,,,,,,,,,,,,,,,1992-01-01,1993-01-01,,Spremberger Kameradschaft,0,2639,2639,2639,2200,1,3125,1,1,0,1,Both,1,0,0,4167.889,-1042.88856
Deutsche Liga für Volk und Heimat (DLVH),0,national,party,1992,82,41900,1,6400,2200,,2639,17,3125,Coburg (from 1997),"Nordrhein-Westfalen, Baden-Württemberg, Bayern (from 1997)",50.258112,10.964463,"200 (2001), 300 (1999), 500 (1998), 700 (1997), 800 (1996), 900 (1993), 800 (1992)",1992 Landtagswahl in Baden-Württemberg; 1993 Kommunalwahlen in Brandenburg,"YES: (VfS1994, p95)",,,,1,None,https://www.apabiz.de/archiv/material/Profile/DLVH.htm,led by Franz Glasauer,sonstige rechtsextremistische Gruppen,,,YES,YES,YES,YES,YES,YES,YES,YES,YES,YES,YES,YES,,YES,,,,,,,yes,yes,,,,,,,,,,1992-01-01,2006-01-01,,Deutsche Liga für Volk und Heimat,0,2639,2639,958,2200,1,3125,0,0,1,13,None,0,0,0,4167.889,-1042.88856
Nationalistische Front (NF),1,national,party,1992,82,41900,1,6400,2200,,2639,17,3125,"Bielefeld (until 1991), Detmold-Pivitsheide (after 1991), Bremen, Berlin",Nordrhein-Westfalen,52.0191005,8.531007,"150 (1992), 130 (1991), 80 (1990), 60 (1989)",,"YES: (VfS1992, pp83,87), (offence in July 1993, see VfS1993, p90)",,YES,,,Leader,https://www.apabiz.de/archiv/material/Profile/NF.htm,Led by Meinolf Schönborn,neo-Nazi,YES,YES,YES,YES,YES,YES,YES,YES,,,,,,,,,,,,yes,yes,yes,yes,yes,,,,,,,,,,1990-01-01,1993-01-01,1992-11-27,Nationalistische Front,1,2639,309,2639,2200,1,3125,0.75,1,1,8,Leader,0.75,0,0,4167.889,-1042.88856
Deutsche Alternative (DA),1,national,party,1992,82,41900,1,6400,2200,,2639,17,3125,Cottbus,"Bremen, Brandenburg, Sachsen, Rheinland-Pfalz, Berlin",51.7567447,14.3357307,"350 (1992), 300 (1991)",,"YES: (VfS1992, p83)",,,,,Leader,https://www.apabiz.de/archiv/material/Profile/DA.htm,"Part of GdNF; ' ""Es sind zuviele Ausländerim Land"". Sie wehrt sich gegen die ""massenhafte Ansiedlung geschlossener fremder Volksgruppen"", die nicht durch ""Ausländerbegrenzung, sondern eine humane, aber konsequente Ausländerrückführung"" verhindert werden solle.' ",neo-Nazi,YES,YES,YES,,,YES,,,,,,,,,,,,,,yes,yes,yes,yes,yes,,,,,,,,,,1990-01-01,1993-01-01,1992-12-10,Deutsche Alternative,1,2639,309,2639,2200,1,3125,0.75,1,1,4,Leader,0.75,0,0,4167.889,-1042.88856
Deutscher Kameradschaftsbund Wilhelmshaven (DKB),1,regional,association,1992,82,41900,1,6400,2200,,2639,17,3125,Wilhelmshaven,Niedersachsen,53.5278793,8.106301,30 (1992),,,,,,,Both,,,neo-Nazi,YES,YES,YES,,,,,,,,,,,,,,,,,,,,,,,,,,,,,,,1990-01-01,1993-01-01,1992-12-21,Deutscher K-schaftsbund Wilhelmshaven,1,2639,309,2639,2200,1,3125,1,1,0,3,Both,1,0,0,4167.889,-1042.88856
Nationale Offensive (NO),1,national,party,1992,82,41900,1,6400,2200,,2639,17,3125,Augsburg,Bayern,48.3668041,10.8986971,"140 (1992), 100 (1991)",1992 Landtagswahl in Baden-Württemberg,"YES (offences in Feb. and Oct 1992, see VfS1994, p92)",,YES,,,Both,https://www.apabiz.de/archiv/material/Profile/NO.htm,leaders Michael Swierczek and Carlo Bauer,neo-Nazi,YES,YES,YES,YES,YES,YES,YES,,,,,,,,,,,,,yes,yes,yes,yes,yes,,,,,,,,,,1990-01-01,1993-01-01,1992-12-22,Nationale Offensive,1,2639,309,2639,2200,1,3125,1,1,1,7,Both,1,0,0,4167.889,-1042.88856
Deutsche Nationalisten (DN),0,national,association,1993,77,41500,0,5600,-800,,2232,3,3874,Mainz,Rheinland-Pfalz,50.0012314,8.2762513,"150 (1998), 70 (1995), 100 (1994), 50 (1993)",,"YES (charges in 1995, VfS1995, p133)",,,,,Leader,,"led by Michael Petri, former leader of banned DA",neo-Nazi,,,,YES,YES,YES,YES,YES,YES,,,,,,,,,,,,,,,,,,,,,,,,,1993-01-01,1999-01-01,,Deutsche Nationalisten,0,2232,2232,708,-800,1,3874,0.75,1,0,6,Leader,0.75,0,0,4537.941,-663.9408
Nationaler Block (NB),1,regional,association,1993,77,41500,0,5600,-800,,2232,3,3874,München,Bayern,48.1371079,11.5753822,,,,,,,,Both,https://www.apabiz.de/archiv/material/Profile/NB.htm,,,,,,,,,,,,,,,,,,,,,,,,,,,,,,,,,,,,,,1993-06-11,Nationaler Block,1,2232,2232,2232,-800,1,3874,1,1,0,0,Both,1,0,0,4537.941,-663.9408
Heimattreue Vereinigung Deutschlands (HVD),1,regional,association,1993,77,41500,0,5600,-800,,2232,3,3874,Reutlingen,Baden-Württemberg,48.4919508,9.2114144,,,"YES (offences in Feb. and Oct 1992, see VfS1994, p92)",,YES,,,Both,https://www.apabiz.de/archiv/material/Profile/HVD.htm,,,,,YES,YES,YES,,,YES,,YES,,,,,,,,,,,,,,,,,,,,,,,,1992-01-01,1994-01-01,1993-07-14,Heimattreue Vereinigung Deutschlands,1,2232,2639,2232,-800,1,3874,1,1,0,5,Both,1,0,0,4537.941,-663.9408
Freundeskreis Freiheit für Deutschland (FFD),1,regional,association,1993,77,41500,0,5600,-800,,2232,3,3874,Bochum,Nordrhein-Westfalen,51.4818111,7.2196635,,,,,,,,Both,https://www.apabiz.de/archiv/material/Profile/FFD.htm,Günther Demolsky and Werner Gebhardt are founding members,sonstige rechtsextremistische Gruppen,,,YES,YES,,,,,,,,,,,,,,,,,,,,,,,,,,,,,,1992-01-01,1994-01-01,1993-09-02,Freundeskreis Freiheit für Deutschland,1,2232,2639,2232,-800,1,3874,1,0,0,2,Both,1,0,0,4537.941,-663.9408
Die Republikaner (REP),0,national,party,1993,77,41500,0,5600,-800,,2232,3,3874,Berlin,Berlin,52.5170365,13.3888599,"6500 (2005), 7500 (2004), 8000 (2003), 9000 (2002), 11500 (2001), 13000 (2000), 14000 (1999), 15500 (1997), 15000 (1996), 16000 (1995), 20000 (1994), 23000 (1993), 20000 (1992)",YES,"YES (offence in March 1993, see VfS1993, pp84-85), (VfS1994, pp148-150), (VfS1995, pp149-150)",,YES,,1,None,,Rolf Schlierer,Rechtsextremistische Partei,,,YES,YES,YES,YES,YES,YES,YES,YES,YES,YES,YES,YES,YES,YES,YES,,,,,,,,,,,,,,,,,1992-01-01,2007-01-01,,Die Republikaner,0,2232,2639,1047,-800,1,3874,0,0,1,15,None,0,0,0,4537.941,-663.9408
Neonazikreis um Ernst Zündel,0,international,association,1994,83,56600,1,5400,-200,,1489,0,3195,Toronto,Canada,,,,,"YES: (VfS1994, p112)",,,,1,None,,,,,,,,,YES,,,,,,,,,,,,,,,,,,,,,,,,,,,,,,,Neonazikreis um Ernst Zündel,0,1489,837,837,-200,1,3195,0,1,0,1,None,0,0,0,4907.993,-1712.99304
Wiking-Jugend (WJ),1,national,association,1994,83,56600,1,5400,-200,,1489,0,3195,Stolberg,Nordrhein-Westfalen,50.7702908,6.2295504,"430 (1993), 400 (1992), 400 (1991)",,"YES: (VfS1994, pp94, 104, 106)",4 (1994),,,,Members,https://www.apabiz.de/archiv/material/Profile/WJ.htm,,youth group,YES,YES,YES,YES,YES,YES,YES,YES,,,,,,,,,,,,yes,yes,yes,yes,yes,,,,,,,,,,1990-01-01,1995-01-01,1994-11-10,Wiking-Jugend,1,1489,309,1489,-200,1,3195,0.25,1,0,8,Members,0.25,0,0,4907.993,-1712.99304
Freiheitliche Deutsche Arbeiterpartei (FAP),1,national,party,1995,96,46100,0,6200,800,,837,0,4343,Stuttgart,Baden-Württemberg,48.7784485,9.1800132,"430 (1993), 220 (1992), 150 (1991), 200 (1990), 330 (1989)",,"YES: 1 (1990), (VfS1992, pp83,87), (VfS1994, p94)","69, 3 violent (1990); 3 (1994)",1 (1990),,,Both,https://www.apabiz.de/archiv/material/Profile/FAP.htm,Friedhelm Busse,neo-Nazi,YES,YES,YES,YES,YES,YES,YES,,,,,YES,,,YES,,,,,yes,yes,yes,yes,yes,,,,,,,,,,1990-01-01,1996-01-01,1995-02-24,Freiheitliche Deutsche Arbeiterpartei,1,837,309,2232,800,0,4343,1,1,1,9,Both,1,0,0,5278.045,-935.04527
Nationale Liste (NL),1,regional,association,1995,96,46100,0,6200,800,,837,0,4343,Hamburg,Hamburg,53.550341,10.000654,30 (1992),,,,,,,Both,https://www.apabiz.de/archiv/material/Profile/NL.htm,led by Worch and Thomas Wulff,neo-Nazi,,,YES,YES,YES,YES,YES,YES,,,,YES,YES,YES,YES,,,,,,,,,,,,,,,,,,,1992-01-01,1995-01-01,1995-02-24,Nationale Liste,1,837,2639,837,800,0,4343,1,1,0,10,Both,1,0,0,5278.045,-935.04527
Direkte Aktion/Mitteldeutschland (JF),1,regional,association,1995,96,46100,0,6200,800,,837,0,4343,Berlin,"Brandenburg, Berlin",52.5170365,13.3888599,130 (1993),,,,,,,Both,https://www.apabiz.de/archiv/material/Profile/SrA.htm,,,,,,YES,YES,YES,,,,,,,,,,,,,,,,,,,,,,,,,,,,1993-01-01,1995-01-01,1995-05-05,Direkte Aktion/Mitteldeutschland,1,837,2232,837,800,0,4343,1,1,0,3,Both,1,0,0,5278.045,-935.04527
Jugendbund,0,regional,association,1995,96,46100,0,6200,800,,837,0,4343,Wernigerode,Sachsen-Anhalt,51.8344172,10.7862526,,,,,,,,Leader,https://www.antifainfoblatt.de/artikel/braunzonen-shopping,,Gewaltbereite Jugend..,,,,,,YES,,,,,,,,,,,,,,,,,,,,,,,,,,,,1995-01-01,1996-01-01,,Jugendbund,0,837,837,837,800,0,4343,0.75,1,0,1,Leader,0.75,0,0,5278.045,-935.04527
Nationale Jugendblock,0,regional,association,1995,96,46100,0,6200,800,,837,0,4343,Zittau,Sachsen,50.8960964,14.8064807,,,,,,,,None,https://www.antifainfoblatt.de/tags/nationaler-jugendblock,,Gewaltbereite Jugend..,,,,,,YES,,,,,,,,,,,,,,,,,,,,,,,,,,,,1995-01-01,1996-01-01,,Nationale Jugendblock,0,837,837,837,800,0,4343,0,1,0,1,None,0,0,0,5278.045,-935.04527
SS-Heimatschutzkorps Ostwestfalen (SS-HSK),0,regional,association,1995,96,46100,0,6200,800,,837,0,4343,Ostwestfalen (area),Nordrhein-Westfalen,51.9867058,8.6457839,,,"YES: (VfS1995, p118)",weapons possession,,,,None,https://www.antifainfoblatt.de/artikel/mehr-nutzen-als-schaden-informanten-des-verfassungsschutzes // http://www.hiergeblieben.de/pages/textanzeige.php?limit=20&order=titel&richtung=ASC&z=716&id=8581,,Gewaltbereit,,,,,,YES,,,,,,,,,,,,,,,,,,,,,,,,,,,,1995-01-01,1996-01-01,,SS-Heimatschutzkorps Ostwestfalen,0,837,837,837,800,0,4343,0,1,0,1,None,0,0,0,5278.045,-935.04527
Die Nationalen e.V.,0,regional,party,1995,96,46100,0,6200,800,,837,0,4343,Berlin,Berlin,52.5170365,13.3888599,"50 (1999), 150 (1995), 100 (1994)",,,,,,,Members,https://www.apabiz.de/archiv/material/Profile/Die%20Nationalen.htm,led by Frank Schwerdt,neo-Nazi,,,,,,YES,YES,YES,YES,YES,,,,,,,,,,,,,,,,,,,,,,,,1995-01-01,2000-01-01,,Die Nationalen e.V.,0,837,837,746,800,0,4343,0.25,1,1,5,Members,0.25,0,0,5278.045,-935.04527
Deutsches Kolleg (DK),0,national,association,1995,96,46100,0,6200,800,,837,0,4343,Berlin,Berlin,52.5170365,13.3888599,,,"YES(VfS1997, p92)",Volksverhetzung,,,,Members,https://www.apabiz.de/archiv/material/Profile/DK.htm,"led by Dr. Reinhold Oberlercher, Horst Mahler",neo-Nazi,,,,,,YES,YES,,,,,,YES,YES,YES,YES,YES,,,,,,,,,,,,,,,,,1995-01-01,2007-01-01,,Deutsches Kolleg,0,837,837,781,800,0,4343,0.25,1,0,7,Members,0.25,0,0,5278.045,-935.04527
Kameradschaft Recklinghausen,0,regional,association,1996,108,45300,0,6400,200,,781,1,5635,Recklinghausen,Nordrhein-Westfalen,51.6143815,7.1978546,71,,"YES: (VfS1996, p116)",weapons possession,,,,Both,https://taz.de/Razzia-bei-der-Kameradschaft-Recklinghausen/!1470839/,close to FAP,,,,,,,,YES,,,,,,,,,,,,,,,,,,,,,,,,,,,1996-01-01,1997-01-01,,Kameradschaft Recklinghausen,0,781,781,781,200,0,5635,1,1,0,1,Both,1,0,0,5648.098,-13.09751
Freundeskreises Ulrich von Hutten e.V.,0,international,association,1996,108,45300,0,6400,200,,781,1,5635,"Rosenheim, Altenberg","Bayern, Sachsen",47.8539273,12.127262,,,,,,,1,None,https://www.apabiz.de/archiv/material/Profile/FUvH.htm,,,,,,,,YES,YES,YES,YES,YES,YES,,YES,YES,,YES,YES,,,,,,,,,,,,,,,,,1995-01-01,2007-01-01,,Freundeskreises Ulrich von Hutten e.V.,0,781,837,1047,200,0,5635,0,0,0,10,None,0,0,0,5648.098,-13.09751
Notgemeinschaft für Volkstum und Kultur e.V.,0,regional,association,1996,108,45300,0,6400,200,,781,1,5635,Altenberg,Sachsen,50.766598,13.7523234,,,,,,,,None,https://www.apabiz.de/archiv/material/Profile/DKG-BKP.htm,,,,,,,,YES,,,,,,,,,,,,,,,,,,,,,,,,,,,,1995-01-01,1996-01-01,,Notgemeinschaft für Volkstum & Kultur,0,781,837,837,200,0,5635,0,0,0,1,None,0,0,0,5648.098,-13.09751
Skinheads Allgäu,1,regional,association,1996,108,45300,0,6400,200,,781,1,5635,Pfronten,Bayern,47.5813782,10.5579673,,,,,,,,None,,,Gewaltbereite Jugend..,,,,,,YES,YES,,,YES,,,,,,,,,,,,,,,,,,,,,,,,1995-01-01,1997-01-01,1996-07-30,Skinheads Allgäu,1,781,837,781,200,0,5635,0,1,0,3,None,0,0,1,5648.098,-13.09751
Skinheads Tostedt,0,regional,association,1997,109,48400,1,7600,1200,,790,0,7888,Tostedt,Niedersachsen,53.28265,9.7124175,,,,,,,,None,http://meyer-wellmann.de/jmw-dateien/skins_alles.pdf,,,,,,,,,,YES,,,,,,,,,,,,,,,,,,,,,,,,,,1997-01-01,1998-01-01,,Skinheads Tostedt,0,790,790,790,1200,1,7888,0,1,0,1,None,0,0,1,6018.15,1869.85026
Norddeutsche Bewegung (NDB),0,regional,association,1997,109,48400,1,7600,1200,,790,0,7888,Hamburg,Hamburg,53.550341,10.000654,40,,,,,,,Members,https://www.spiegel.de/politik/200-attacken-pro-sekunde-a-f80903ba-0002-0001-0000-000017114430,"led by Andre Goertz, lots of members of former banned groups (esp. FAP)",,,,,,,,,YES,,,,,,,,,,,,,,,,,,,,,,,,,,1997-01-01,1998-01-01,,Norddeutsche Bewegung,0,790,790,790,1200,1,7888,0.25,1,0,1,Members,0.25,0,1,6018.15,1869.85026
"Gesellschaft fuer biologische Anthropologie, Eugenik und Verhaltensforschung e.V. (GfbAEV)",0,regional,association,1997,109,48400,1,7600,1200,,790,0,7888,Ellerau,Schleswig-Holstein,53.7500324,9.9166665,,,,,,,,Leader,https://www.apabiz.de/archiv/material/Profile/GfbAEV.htm,connected to Jurgen Rieger,sonstige rechtsextremistische Gruppen,,,,,,,,YES,YES,,,,,,,,,,,,,,,,,,,,,,,,,1997-01-01,1999-01-01,,GfbAEV,0,790,790,708,1200,1,7888,0.75,0,0,2,Leader,0.75,0,1,6018.15,1869.85026
Nordischer Ring e.V.,0,regional,association,1997,109,48400,1,7600,1200,,790,0,7888,Hamburg,Hamburg,53.550341,10.000654,,,,,,,,Leader,https://nsu-watch.info/2017/02/protokoll-348-verhandlungstag-16-februar-2017/,connected to Jurgen Rieger,sonstige rechtsextremistische Gruppen,,,,,,,,YES,YES,,,,,,,,,,,,,,,,,,,,,,,,,1997-01-01,1999-01-01,,Nordischer Ring e.V.,0,790,790,708,1200,1,7888,0.75,0,0,2,Leader,0.75,0,1,6018.15,1869.85026
Freiheitlicher Volksblock (FVB),0,regional,association,1997,109,48400,1,7600,1200,,790,0,7888,Nürnberg,Bayern,49.453872,11.077298,"70 (1999), 100 (1997), 40 (1996)",,,,,,1,Members,https://www.hamburg.de/contentblob/233158/54821051d372aa3ead3ca04347a66c08/data/rechtsex-stichwortbroschuere.pdf,"led by Konrad Petratschek, later Thomas Scharf; formed of former HVD members; expanding in 1997, activites in south and middle Germany",neo-Nazi,,,,,,,,YES,YES,YES,,,,,,,,,,,,,,,,,,,,,,,,1997-01-01,2000-01-01,,Freiheitlicher Volksblock,0,790,790,746,1200,1,7888,0.25,1,0,3,Members,0.25,0,1,6018.15,1869.85026
Kameradschaft Oberhavel,1,regional,association,1997,109,48400,1,7600,1200,,790,0,7888,Hennigsdorf,Brandenburg,52.6375777,13.2057511,,,,,,,,None,https://www.antifainfoblatt.de/tags/kameradschaft-oberhavel,,neo-Nazi,,,,,,,,YES,,,,,,,,,,,,,,,,,,,,,,,,,,1997-01-01,1998-01-01,1997-08-15,Kameradschaft Oberhavel,1,790,790,790,1200,1,7888,0,1,0,1,None,0,0,1,6018.15,1869.85026
Kameradschaft Beusselkiez,0,regional,association,1998,114,53600,1,8200,600,,708,0,6958,Beusselkiez,Berlin,52.52872849,13.32662296,,,,,,,,Leader,http://www.infopartisan.net/archive/rag/rag195.html,led by Mike Penkert,neo-Nazi,,,,,,,,,YES,,,,,,,,,,,,,,,,,,,,,,,,,1998-01-01,1999-01-01,,Kameradschaft Beusselkiez,0,708,708,708,600,0,6958,0.75,1,0,1,Leader,0.75,0,1,6388.202,569.79802
Kameradschaft Treptow,0,regional,association,1998,114,53600,1,8200,600,,708,0,6958,Treptow,Berlin,52.4884438,13.4703145,,,,,,,,Both,https://de.wikipedia.org/wiki/Freie_Kameradschaften,,neo-Nazi,,,,,,,,,YES,YES,,,,,,,,,,,,,,,,,,,,,,,,1998-01-01,2000-01-01,,Kameradschaft Treptow,0,708,708,746,600,0,6958,1,1,0,2,Both,1,0,1,6388.202,569.79802
Kameradschaft Schöneberg,0,regional,association,1998,114,53600,1,8200,600,,708,0,6958,Schöneberg,Berlin,52.482157,13.3551901,,,,,,,,None,,,neo-Nazi,,,,,,,,,YES,,,,,,,,,,,,,,,,,,,,,,,,,1998-01-01,1999-01-01,,Kameradschaft Schöneberg,0,708,708,708,600,0,6958,0,1,0,1,None,0,0,1,6388.202,569.79802
Kameradschaft Prenzlauerberg/Mitte,0,regional,association,1998,114,53600,1,8200,600,,708,0,6958,Prenzlauerberg,Berlin,52.53911209,13.42441177,,,,,,,,None,,,neo-Nazi,,,,,,,,,YES,,,,,,,,,,,,,,,,,,,,,,,,,1998-01-01,1999-01-01,,Kameradschaft Prenzlauerberg/Mitte,0,708,708,708,600,0,6958,0,1,0,1,None,0,0,1,6388.202,569.79802
Thule-Seminar e.V.,0,national,association,1998,114,53600,1,8200,600,,708,0,6958,Kassel,Hessen,51.3154546,9.4924096,,,,,,,1,None,https://www.apabiz.de/archiv/material/Profile/Thule-Seminar.htm,"started in 1980s, recommenced in 1998, but largely inactive in 1999, started again to publish 'Elemente' in 2000 as well as 'Metapo'; led by Pierre Krebs","Rechtsextremistische Intellektualisierung, Neuen Rechten",,,,,,,,,YES,YES,YES,YES,YES,YES,YES,,YES,YES,YES,YES,,,,,,,,,,,,,,1998-01-01,2010-01-01,,Thule-Seminar,0,708,708,891,600,0,6958,0,0,0,11,None,0,0,1,6388.202,569.79802
Aktionsgemeinschaft nationaler Sozialisten in und ausserhalb der NPD (AgNS),0,national,association,1998,114,53600,1,8200,600,,708,0,6958,Berlin,Berlin,52.5170365,13.3888599,,,,,,,,None,https://www.antifainfoblatt.de/artikel/r%C3%BCckblick-npd-kundgebung-1-mai-1998-leipzig,,neo-Nazi,,,,,,,,,YES,,,,,,,,,,,,,,,,,,,,,,,,,1998-01-01,1999-01-01,,AgNS,0,708,708,708,600,0,6958,0,1,0,1,None,0,0,1,6388.202,569.79802
Heideheim e.V.,1,regional,association,1998,114,53600,1,8200,600,,708,0,6958,"Buchholz, Hamburg",Hamburg,53.9882387,9.2264708,,,,,,,,Leader,,led by Jürgen Rieger; existed since 1991,sonstige rechtsextremistische Gruppen,,,,,,,,YES,YES,,,,,,,,,,,,,,,,,,,,,,,,,1997-01-01,1999-01-01,1998-02-11,Heideheim,1,708,790,708,600,0,6958,0.75,1,0,2,Leader,0.75,0,1,6388.202,569.79802
Deutsch-Europäische Studien-Gesellschaft (DESG),0,national,association,1998,134,53600,1,8200,600,,746,0,6719,Hamburg,Hamburg,53.550341,10.000654,,,,,,,,Members,https://www.apabiz.de/archiv/material/Profile/DESG.htm,"founded in 1972, working closely with Synergon since 1997",,,,,,,,,,YES,YES,YES,YES,YES,,,,,,,,,,,,,,,,,,,,,1998-01-01,2003-01-01,,Deutsch-Europäische Studien-Gesellschaft,0,746,746,772,600,0,6719,0.25,0,0,5,Members,0.25,0,1,6388.202,569.79802
Bildungswerk(later 'Bewegung') Deutsche Volksgemeinschaft (BDVG),0,regional,association,1999,134,51400,0,9000,800,,746,1,6719,Dürwiß-Eschweiler,Nordrhein-Westfalen,50.836553,6.2727576,50 (1999),,,,,,,None,,split from NPD,Rechtsextremistische Partei,,,,,,,,,,YES,YES,,,,,,,,,,,,,,,,,,,,,,,1999-01-01,2001-01-01,,Bildungswerk Deutsche Volksgemeinschaft,0,746,746,998,800,0,6719,0,0,0,2,None,0,1,1,6758.254,-39.25422
Bund Deutscher Patrioten (BDP),0,regional,association,1999,134,51400,0,9000,800,,746,1,6719,,Thueringen,50.9014721,11.0377839,20 (1999),,,,,,,Members,https://www.sueddeutsche.de/muenchen/rechtsextremismus-und-noch-ein-radikales-netzwerk-1.3464894,,,,,,,,,,,,YES,,,,,,,,,,,,,,,,,,,,,,,,1999-01-01,2000-01-01,,Bund Deutscher Patrioten,0,746,746,746,800,0,6719,0.25,0,0,1,Members,0.25,1,1,6758.254,-39.25422
Soziale Volkspartei (SVP),0,national,party,1999,134,51400,0,9000,800,,746,1,6719,Rostock,Mecklenburg-Vorpommern,54.0924445,12.1286127,50 (1999),,,,,,,None,https://www.endstation-rechts.de/news/themenwoche-der-lange-weg-ins-parlament-kurze-geschichte-der-npd-m-v,,Rechtsextremistische Partei,,,,,,,,,,YES,,,,,,,,,,,,,,,,,,,,,,,,1999-01-01,2000-01-01,,Soziale Volkspartei,0,746,746,746,800,0,6719,0,0,1,1,None,0,1,1,6758.254,-39.25422
Synergon Deutschland,0,national,association,1999,134,51400,0,9000,800,,746,1,6719,Dresden,Sachsen,51.0493286,13.7381437,,,,,,,,None,,"founded in 1995, since 2000 led by Sven Henkler, working closely with DESG",,,,,,,,,,,YES,YES,YES,YES,,,,,,,,,,,,,,,,,,,,,1999-01-01,2003-01-01,,Synergon Deutschland,0,746,746,772,800,0,6719,0,0,0,4,None,0,1,1,6758.254,-39.25422
Unabhängige Arbeiterpartei e.V. (Deutsche Sozialisten) (UAP),0,regional,party,1999,134,51400,0,9000,800,,746,1,6719,Heinsberg,Nordrhein-Westfalen,51.0654268,6.0984461,120 (1999),,,,,,,None,https://www.apabiz.de/archiv/material/Profile/UAP.htm,,Rechtsextremistische Partei,,,,,,,,,,YES,,,,,,,,,,,,,,,,,,,,,,,,1999-01-01,2000-01-01,,Unabhängige Arbeiterpartei,0,746,746,746,800,0,6719,0,0,1,1,None,0,1,1,6758.254,-39.25422
Vereinigte Rechte (VR),0,national,party,1999,134,51400,0,9000,800,,746,1,6719,Stuttgart,Baden-Württemberg,48.7784485,9.1800132,50 (1999),,,,,,,None,,"founded 1997, dissolved itself in 2001",Rechtsextremistische Partei,,,,,,,,,,YES,YES,YES,,,YES,,,,,,,,,,,,,,,,,,,1999-01-01,2005-01-01,,Vereinigte Rechte,0,746,746,776,800,0,6719,0,0,1,4,None,0,1,1,6758.254,-39.25422
Kameradschaft Karlsruhe,0,regional,association,1999,134,51400,0,9000,800,,746,1,6719,Karlsruhe,Baden-Württemberg,49.0068705,8.4034195,,,,,,,,Members,https://ka.stadtwiki.net/Kameradschaft_Karlsruhe,,,,,,,,,,,,YES,,,,,,,,,,,,,,,,,,,,,,,,1999-01-01,2000-01-01,,Kameradschaft Karlsruhe,0,746,746,746,800,0,6719,0.25,1,0,1,Members,0.25,1,1,6758.254,-39.25422
Nationales und Soziales Aktionsbündnis Norddeutschland (NSAN),0,regional,association,1999,134,51400,0,9000,800,,746,1,6719,Hamburg,"Hamburg, Bremen, Niedersachsen, Schleswig-Holstein",53.550341,10.000654,,,,,,,,Members,,one of the Freie Nationalisten groups; founded 1997,neo-Nazi,,,,,,,,,,YES,YES,YES,YES,YES,YES,,,,,,,,,,,,,,,,,,,1999-01-01,2005-01-01,,NSAN,0,746,746,776,800,0,6719,0.25,1,0,6,Members,0.25,1,1,6758.254,-39.25422
Kampfbund Deutscher Sozialisten (KDS),0,regional,association,1999,134,51400,0,9000,800,,746,1,6719,Neumünster,"Schleswig-Holstein, Brandenburg, Bayern",54.0757442,9.9815377,"50 (2002), 30 (1999)",,,,,,,Leader,https://taz.de/!1280392/,"led by Thomas Brehl and Michael Koth, extreme right and left forum; dissolved in 2008",neo-Nazi,,,,,,,,,,YES,YES,,YES,YES,,,,,,,,,,,,,,,,,,,,1999-01-01,2004-01-01,,Kampfbund Deutscher Sozialisten,0,746,746,759,800,0,6719,0.75,1,0,4,Leader,0.75,1,1,6758.254,-39.25422
Ab jetzt… Bündnis für Deutschland,0,national,party,1999,134,51400,0,9000,800,,746,1,6719,Siegburg,Nordrhein-Westfalen,50.7928332,7.2070774,150 (1999),,,,,,,None,,"led by Helmut Fleck, founded 1997, not so active in/from 2001",Rechtsextremistische Partei,,,,,,,,,,YES,YES,YES,,,,,,,,,,,,,,,,,,,,,,1999-01-01,2002-01-01,,Ab jetzt… Bündnis für Deutschland,0,746,746,709,800,0,6719,0,0,1,3,None,0,1,1,6758.254,-39.25422
Bund für Gesamtdeutschland (BGD),0,national,party,1999,134,51400,0,9000,800,,746,1,6719,Düsseldorf,Nordrhein-Westfalen,51.2254018,6.7763137,150 (2000),,,,,,,None,,"led by Horst Zaborowski, founded 1990, not so active in/from 2001, close to 'Ab jetzt… Buendnis fuer Deutschland'",Rechtsextremistische Partei,,,,,,,,,,YES,YES,YES,,,,,,,,,,,,,,,,,,,,,,1999-01-01,2002-01-01,,Bund für Gesamtdeutschland,0,746,746,709,800,0,6719,0,0,1,3,None,0,1,1,6758.254,-39.25422
Aktionsbüro Norddeutschland,0,national,association,2000,143,50900,0,9700,700,,998,2,10435,Norderstedt,Schleswig-Holstein,53.7089898,9.9891914,,,,,,,,Both,,coordinating body of the NSAN; led by Jürgen Rieger,neo-Nazi,,,,,,,,,,,YES,YES,YES,YES,YES,,,,,,,,,,,,,,,,,,,2000-01-01,2005-01-01,,Aktionsbüro Norddeutschland,0,998,998,776,700,1,10435,1,1,0,5,Both,1,1,1,7128.306,3306.69355
Anti-Antifa Saarpfalz,0,regional,association,2000,143,50900,0,9700,700,,998,2,10435,Saarpfalz,Saarland,49.2613761,7.1982316,,,,,,,,None,https://www.antifainfoblatt.de/artikel/werwolf-waffen-werthebach-wer-ist-die-anti-antifa,previously 'Anti-Antifa Kurpfalz',,,,,,,,,,,,YES,,,,,,,,,,,,,,,,,,,,,,,2000-01-01,2001-01-01,,Anti-Antifa Saarpfalz,0,998,998,998,700,1,10435,0,1,0,1,None,0,1,1,7128.306,3306.69355
Arischen Bruderschaft 2000,0,regional,association,2000,143,50900,0,9700,700,,998,2,10435,,,,,,,,,,,,None,,,Gewaltbereit,,,,,,,,,,,YES,,,,,,,,,,,,,,,,,,,,,,,2000-01-01,2001-01-01,,Arischen Bruderschaft 2000,0,998,998,998,700,1,10435,0,1,0,1,None,0,1,1,7128.306,3306.69355
Arischer Kämpferbund,0,regional,association,2000,143,50900,0,9700,700,,998,2,10435,,,,,,,,,,,,None,https://www.nsu-watch.info/2014/11/protokoll-161-verhandlungstag-19-november-2014/,,Gewaltbereit,,,,,,,,,,,YES,,,,,,,,,,,,,,,,,,,,,,,2000-01-01,2001-01-01,,Arischer Kämpferbund,0,998,998,998,700,1,10435,0,1,0,1,None,0,1,1,7128.306,3306.69355
Bund Freier Bürger (BFB),0,national,association,2000,143,50900,0,9700,700,,998,2,10435,Wiesbaden,Hessen,50.0820384,8.2416556,1000,,,,,,,None,https://www.apabiz.de/archiv/material/Profile/BFB.htm,cooperated with REP,Rechtsextremistische Partei,,,,,,,,,,,YES,,,,,,,,,,,,,,,,,,,,,,,2000-01-01,2001-01-01,,Bund Freier Bürger,0,998,998,998,700,1,10435,0,0,0,1,None,0,1,1,7128.306,3306.69355
Freiheitliche Deutsche Volkspartei (FDVP),0,national,party,2000,143,50900,0,9700,700,,998,2,10435,Magdeburg,Sachsen-Anhalt,52.1315889,11.6399609,200 (2000),,,,,,,None,,split from DVU in 2000,Rechtsextremistische Partei,,,,,,,,,,,YES,YES,,,,,,,,,,,,,,,,,,,,,,2000-01-01,2002-01-01,,Freiheitliche Deutsche Volkspartei,0,998,998,709,700,1,10435,0,0,1,2,None,0,1,1,7128.306,3306.69355
"Initiative für Versammlungsfreiheit (coalition by Nationales und Soziales Aktionsbuendnis Norddeutschland, connected to RPF)",0,regional,association,2000,143,50900,0,9700,700,,998,2,10435,Wismar,Mecklenburg-Vorpommern,53.8909832,11.4647932,,,,,,,,Leader,,"led by Thomas Wulff, connected to RPF",neo-Nazi,,,,,,,,,,,YES,,,,,,,,,,,,,,,,,,,,,,,2000-01-01,2001-01-01,,Initiative für Versammlungsfreiheit,0,998,998,998,700,1,10435,0.75,1,0,1,Leader,0.75,1,1,7128.306,3306.69355
Initiative gegen Drogenfreigabe (coalition by Nationales und Soziales Aktionsbuendnis Norddeutschland),0,regional,association,2000,143,50900,0,9700,700,,998,2,10435,Quickborn,Schleswig-Holstein,54.0111091,9.2114907,,,,,,,,Leader,,led by Thomas Wulff,neo-Nazi,,,,,,,,,,,YES,,,,,,,,,,,,,,,,,,,,,,,2000-01-01,2001-01-01,,Initiative gegen Drogenfreigabe,0,998,998,998,700,1,10435,0.75,1,0,1,Leader,0.75,1,1,7128.306,3306.69355
Initiative Volksaufklärung (coalition by Nationales und Soziales Aktionsbündnis Norddeutschland),0,regional,association,2000,143,50900,0,9700,700,,998,2,10435,Usedom,Mecklenburg-Vorpommern,53.9905064,14.0829451,,,,,,,,Leader,,led by Thomas Wulff,neo-Nazi,,,,,,,,,,,YES,,,,,,,,,,,,,,,,,,,,,,,2000-01-01,2001-01-01,,Initiative Volksaufklärung,0,998,998,998,700,1,10435,0.75,1,0,1,Leader,0.75,1,1,7128.306,3306.69355
Kameradschaft Gera,0,regional,association,2000,143,50900,0,9700,700,,998,2,10435,Gera,Thueringen,50.8772301,12.0796208,,,,,,,,None,https://thueringenrechtsaussen.wordpress.com/2014/06/12/die-rechte-in-thuringen-oder-krautheims-one-man-show/ // https://de.wikipedia.org/wiki/Nationales_und_Soziales_Aktionsb%C3%BCndnis_Mitteldeutschland,,,,,,,,,,,,,YES,,,,,,,,,,,,,,,,,,,,,,,2000-01-01,2001-01-01,,Kameradschaft Gera,0,998,998,998,700,1,10435,0,1,0,1,None,0,1,1,7128.306,3306.69355
Revolutionäre Plattform - Aufbruch 2000 (RPF),0,regional,association,2000,143,50900,0,9700,700,,998,2,10435,,Sachsen-Anhalt,52.0089065,11.7003344,,,,,,,,Leader,,led by Steffen Hupka,neo-Nazi,,,,,,,,,,,YES,YES,YES,,,,,,,,,,,,,,,,,,,,,2000-01-01,2003-01-01,,Revolutionäre Plattform - Aufbruch 2000,0,998,998,772,700,1,10435,0.75,1,0,3,Leader,0.75,1,1,7128.306,3306.69355
Blood & Honour Division Deutschland (and its youth organisation White Youth),1,national,association,2000,143,50900,0,9700,700,,998,2,10435,Berlin,Berlin,52.5170365,13.3888599,"200 (2000), 240 (1999)",,,,,,1,Members,,,"Gewaltbereite Jugend, Skinheads",,,,,,,YES,YES,YES,YES,YES,YES,YES,YES,YES,YES,YES,YES,YES,YES,yes,yes,yes,yes,,,,yes,yes,,,YES,YES,1996-01-01,2001-01-01,2000-09-14,Blood & Honour Division Deutschland,1,998,781,998,700,1,10435,0.25,1,0,16,Members,0.25,1,1,7128.306,3306.69355
Hamburger Sturm,1,regional,association,2000,143,50900,0,9700,700,,998,2,10435,Hamburg,Hamburg,53.550341,10.000654,,,,,,,,Both,https://taz.de/Der-Hamburger-Sturm/!1217964/,,,,,,,,,,,YES,YES,YES,,,,,,,,,,,,,,,,,,,,,,,1998-01-01,2001-01-01,2000-08-11,Hamburger Sturm,1,998,708,998,700,1,10435,1,1,0,3,Both,1,1,1,7128.306,3306.69355
Nationaler Widerstand Hagen/Lüdenscheid,0,regional,association,2001,141,49700,0,10400,700,,709,0,6336,"Hagen, Luedenscheid",Nordrhein-Westfalen,51.3582945,7.473296,,,,,,,,None,https://www.nadir.org/nadir/aktuell/2002/01/05/7999.html,"Axel Schoppmann, René Gehrke und Maik Müller",,,,,,,,,,,,,YES,,,,,,,,,,,,,,,,,,,,,,2001-01-01,2002-01-01,,Nationaler Widerstand Hagen/Lüdenscheid,0,709,709,709,700,1,6336,0,1,0,1,None,0,1,1,7498.359,-1162.35869
Nationales und Soziales Aktionsbündnis Westthüringen (NSAW),0,regional,association,2001,141,49700,0,10400,700,,709,0,6336,Gotha,Thueringen,50.9494849,10.7014435,,,,,,,,Members,https://de.wikipedia.org/wiki/Nationales_und_Soziales_Aktionsb%C3%BCndnis_Mitteldeutschland,,,,,,,,,,,,,,YES,,,,,,,,,,,,,,,,,,,,,,2001-01-01,2002-01-01,,NSAW,0,709,709,709,700,1,6336,0.25,1,0,1,Members,0.25,1,1,7498.359,-1162.35869
Kameradschaft 73 Celle,0,regional,association,2001,141,49700,0,10400,700,,709,0,6336,Celle,Niedersachsen,52.624056,10.081052,,,,,,,,None,https://www.cz.de/Celle/Aus-der-Stadt/Celle-Stadt/Celler-Neonazis-zersplittern-Kameradschaft-73-loest-sich-auf,Dennis Bührig,,,,,,,,,,,,,YES,,,,,,,,,,,,,,,,,,,,,,2001-01-01,2002-01-01,,Kameradschaft 73 Celle,0,709,709,709,700,1,6336,0,1,0,1,None,0,1,1,7498.359,-1162.35869
Friedenskomitee 2000/Deutschland-Bewegung,0,national,party,2001,141,49700,0,10400,700,,709,0,6336,Starnberg,Bayern,48.0001038,11.3508972,,,,,,,,None,,led by Dr. Alfred Mechtersheimer,Rechtsextremistische Partei,,,,,,,,,,,,YES,,,,,,,,,,,,,,,,,,,,,,2001-01-01,2002-01-01,,Friedenskomitee 2000,0,709,709,709,700,1,6336,0,0,1,1,None,0,1,1,7498.359,-1162.35869
Deutsche Aufbau-Organisation (DAO),0,national,party,2001,141,49700,0,10400,700,,709,0,6336,Starnberg,Bayern,48.0001038,11.3508972,,,,,,,,None,,led by Dr. Alfred Mechtersheimer,Rechtsextremistische Partei,,,,,,,,,,,,YES,,,,,,,,,,,,,,,,,,,,,,2001-01-01,2002-01-01,,Deutsche Aufbau-Organisation,0,709,709,709,700,1,6336,0,0,1,1,None,0,1,1,7498.359,-1162.35869
Skinheads Sächsische Schweiz (SSS),1,regional,association,2001,141,49700,0,10400,700,,709,0,6336,Dresden,Sachsen,51.0493286,13.7381437,,,YES,Bildung einer kriminellen Vereinigung,,YES (2003),,None,,founded 1996,"Gewaltbereit, Skinheads",,,,,,,,,,,YES,YES,YES,YES,,,,,,,,,,,,,,,,,,,,2000-01-01,2002-01-01,2001-04-05,Skinheads Sächsische Schweiz,1,709,709,998,700,1,6336,0,1,0,4,None,0,1,1,7498.359,-1162.35869
Aktionsbüro Mitte,0,regional,association,2002,146,45000,0,10700,300,,772,0,7294,Dessau,"Sachsen, Sachsen-Anhalt",51.8309956,12.2430723,,,,,,,,None,,,,,,,,,,,,,,,,YES,,,,,,,,,,,,,,,,,,,,,2002-01-01,2003-01-01,,Aktionsbüro Mitte,0,772,772,772,300,0,7294,0,1,0,1,None,0,1,1,7868.411,-574.41092
Aktionsbüro Mitteldeutschland,0,regional,association,2002,146,45000,0,10700,300,,772,0,7294,Berlin,"Brandenburg, Berlin",52.5170365,13.3888599,,,,,,,,None,,,,,,,,,,,,,,,,YES,,YES,,,,,,,,,,,,,,,,,,,2002-01-01,2005-01-01,,Aktionsbüro Mitteldeutschland,0,772,772,776,300,0,7294,0,1,0,2,None,0,1,1,7868.411,-574.41092
Bürgerinitiative Ausländerstopp,0,regional,association,2002,146,45000,0,10700,300,,772,0,7294,Nürnberg,Bayern,49.453872,11.077298,,YES (2008),,,,,,None,,led by NPD activist Gerd Ittner; 2008 election stand-in for NPD in Munich and Nuremberg,Rechtsextremistische Partei,,,,,,,,,,,,,YES,,,,,,YES,,,,,,,,,,,,,,,2002-01-01,2009-01-01,,Bürgerinitiative Ausländerstopp,0,772,772,1042,300,0,7294,0,0,1,2,None,0,1,1,7868.411,-574.41092
Deutsche Partei (DP),0,national,party,2002,146,45000,0,10700,300,,772,0,7294,Bröckel,Niedersachsen,52.5182679,10.2161826,,,,,,,,None,https://www.apabiz.de/archiv/material/Profile/DP.htm,,Rechtsextremistische Partei,,,,,,,,,,,,,YES,YES,YES,,,,,,,,,,,,,,,,,,,2002-01-01,2005-01-01,,Deutsche Partei,0,772,772,776,300,0,7294,0,0,1,3,None,0,1,1,7868.411,-574.41092
Freiheitlich-Unabhängig-National (FUN-Partei),0,national,party,2002,146,45000,0,10700,300,,772,0,7294,Berlin,Berlin,52.5170365,13.3888599,,,,,,,,None,https://de.wikipedia.org/wiki/Dol2day,online mainly,,,,,,,,,,,,,,YES,,,,,,,,,,,,,,,,,,,,,2002-01-01,2003-01-01,,Freiheitlich-Unabhängig-National,0,772,772,772,300,0,7294,0,0,1,1,None,0,1,1,7868.411,-574.41092
Gemeinschaft Deutscher Frauen (GDF),0,regional,association,2002,146,45000,0,10700,300,,772,0,7294,Grevesmühlen,Mecklenburg-Vorpommern,53.8644705,11.1898839,,,,,,,,None,,"founded 2000, from SFD","Gewaltbereite, Skinheads",,,,,,,,,,,,,YES,,,,YES,,,,,,,,,,,,,,,,,2002-01-01,2007-01-01,,Gemeinschaft Deutscher Frauen,0,772,772,1047,300,0,7294,0,0,0,2,None,0,1,1,7868.411,-574.41092
Junge Landsmannschaft Ostpreussen (JLO) later Ostdeutschland,0,regional,association,2002,146,45000,0,10700,300,,772,0,7294,Hamburg,Hamburg,53.550341,10.000654,,,,,,,,None,https://de.wikipedia.org/wiki/Junge_Landsmannschaft_Ostdeutschland,"Dresden Trauermarsch organiser, Christian Schaar",Rechtsextremistische,,,,,,,,,,,,,YES,YES,YES,YES,YES,YES,YES,YES,YES,YES,,,,,,,,,,,,2002-01-01,2012-01-01,,Junge Landsmannschaft Ostpreussen,0,772,772,755,300,0,7294,0,1,0,10,None,0,1,1,7868.411,-574.41092
Nationale Liga Deutschlands (NLD),0,national,association,2002,146,45000,0,10700,300,,772,0,7294,Berlin,Berlin,52.5170365,13.3888599,,,,,,,,None,https://de.wikipedia.org/wiki/Dol2day,online mainly,,,,,,,,,,,,,,YES,,,,,,,,,,,,,,,,,,,,,2002-01-01,2003-01-01,,Nationale Liga Deutschlands,0,772,772,772,300,0,7294,0,0,0,1,None,0,1,1,7868.411,-574.41092
Widerstandsbüro,0,regional,association,2002,146,45000,0,10700,300,,772,0,7294,,Nordrhein-Westfalen,51.4270401,7.580397606,,,,,,,,None,https://rp-online.de/nrw/staedte/duesseldorf/neonazi-propaganda-schon-aus-dem-kinderzimmer_aid-13749649,led by Sven S,,,,,,,,,,,,,,YES,,,,,,,,,,,,,,,,,,,,,2002-01-01,2003-01-01,,Widerstandsbüro,0,772,772,772,300,0,7294,0,1,0,1,None,0,1,1,7868.411,-574.41092
Aktionsbüro Süd,0,regional,association,2003,169,41500,0,10000,-700,,759,0,7551,Nürnberg,Bayern,49.453872,11.077298,,,"YES (VfS 2003, p32-33)",,YES,,,Members,https://de.wikipedia.org/wiki/Norman_Bordin,founded by Norman Bordin,"Gewaltbereite, Skinheads",,,,,,,,,,,,,,YES,,,YES,,,,,,,,,,,,,,,,,2003-01-01,2007-01-01,,Aktionsbüro Süd,0,759,759,1047,-700,0,7551,0.25,1,0,2,Members,0.25,1,1,8238.463,-687.46316
Deutsche Liste für Europa (DLFE),0,national,party,2003,169,41500,0,10000,-700,,759,0,7551,Leipzig,Sachsen,51.3406321,12.3747329,,,,,,,,None,p122: https://linksunten.mirrors.autistici.org/system/files/data/2015/11/8181094875.pdf,,,,,,,,,,,,,,,,YES,,,,,,,,,,,,,,,,,,,,2003-01-01,2004-01-01,,Deutsche Liste für Europa,0,759,759,759,-700,0,7551,0,0,1,1,None,0,1,1,8238.463,-687.46316
Freiheitliche Initiative Deutschlands (FID),0,national,association,2003,169,41500,0,10000,-700,,759,0,7551,Nürnberg,Bayern,49.453872,11.077298,,,,,,,,None,,disaffected from REP,Rechtsextremistische Partei,,,,,,,,,,,,,,YES,,,,,,,,,,,,,,,,,,,,2003-01-01,2004-01-01,,Freiheitliche Initiative Deutschlands,0,759,759,759,-700,0,7551,0,0,0,1,None,0,1,1,8238.463,-687.46316
Furchtlos und Treu (F+T),0,national,association,2003,169,41500,0,10000,-700,,759,0,7551,Stuttgart,Baden-Württemberg,48.7784485,9.1800132,,,,,,,1,None,,"founded in 1999, inactive as of 2005","Gewaltbereite, Skinheads",,,,,,,,,,,,,,YES,YES,YES,,,,,,,,,,,,,,,,,,2003-01-01,2006-01-01,,Furchtlos und Treu,0,759,759,958,-700,0,7551,0,1,0,3,None,0,1,1,8238.463,-687.46316
Kameradschaft Kitzingen/Würzburg,0,regional,association,2003,169,41500,0,10000,-700,,759,0,7551,Kitzingen,Bayern,49.7339751,10.161216,,,,,,,,None,https://www.infranken.de/lk/kitzingen/kitzinger-gedenken-der-opfer-von-gewaltherrschaft-art-3857275,,neo-Nazi,,,,,,,,,,,,,,YES,,,,,,,,,,,,,,,,,,,,2003-01-01,2004-01-01,,Kameradschaft Kitzingen/Würzburg,0,759,759,759,-700,0,7551,0,1,0,1,None,0,1,1,8238.463,-687.46316
Kameradschaft Süd,0,regional,association,2003,169,41500,0,10000,-700,,759,0,7551,München,Bayern,48.1371079,11.5753822,,,"YES (VfS 2003, p25,32-33) (VfS2004, p33) (VfS2005, p51)",Bildung einer terroristischen Vereinigung; explosive attack planning on Jewish centre in Munich,YES,YES (2005),,Leader,,led by Martin Wiese,"Gewaltbereite, Skinheads",,,,,,,,,,,,,,YES,YES,YES,,,,,,,,,,,,,,,,,,2003-01-01,2006-01-01,2003-09-11,Kameradschaft Süd,1,759,759,958,-700,0,7551,0.75,1,0,3,Leader,0.75,1,1,8238.463,-687.46316
Kameradschaft Sturmfront,0,regional,association,2003,169,41500,0,10000,-700,,759,0,7551,Karlsruhe,Baden-Württemberg,49.0068705,8.4034195,,,,,,,,None,,,neo-Nazi,,,,,,,,,,,,,,YES,,,,,,,,,,,,,,,,,,,,2003-01-01,2004-01-01,,Kameradschaft Sturmfront,0,759,759,759,-700,0,7551,0,1,0,1,None,0,1,1,8238.463,-687.46316
Nationales Bündnis Dresden (NBD),0,regional,party,2003,169,41500,0,10000,-700,,759,0,7551,Dresden,Sachsen,51.0493286,13.7381437,,,,,,,,Members,,composed of Freie Nationalisten; an election coalition; connected to NPD,Rechtsextremistische Partei,,,,,,,,,,,,,,YES,YES,,,,,,,,,,,,,,,,,,,2003-01-01,2005-01-01,,Nationales Bündnis Dresden,0,759,759,776,-700,0,7551,0.25,0,1,2,Members,0.25,1,1,8238.463,-687.46316
Revolutionäre Anti-Antifa-Zelle (RAAZ),0,regional,association,2003,169,41500,0,10000,-700,,759,0,7551,,Rheinland-Pfalz,49.9531599,7.310646,,,,,,,,None,,declared founding in 2003 in publication 'Brauner Partisan - Stimme der braunen autonomen Untergrundbewegung',neo-Nazi,,,,,,,,,,,,,,YES,,,,,,,,,,,,,,,,,,,,2003-01-01,2004-01-01,,Revolutionäre Anti-Antifa-Zelle,0,759,759,759,-700,0,7551,0,1,0,1,None,0,1,1,8238.463,-687.46316
Bündnis nationaler Sozialisten für Lübeck,1,regional,association,2003,169,41500,0,10000,-700,,759,0,7551,Lübeck,﻿Schleswig-Holstein,53.866444,10.684738,,,,,,,,None,https://taz.de/Neonazi-Wahlbuendnis-fuer-Luebeck-verboten/!803935/,led by Jürgen Gerg,,,,,,,,,,,,,,,,,,,,,,,,,,,,,,,,,,,,,2003-03-07,Bündnis nationaler Sozialisten für Lübeck,1,759,759,759,-700,0,7551,0,1,0,0,None,0,1,1,8238.463,-687.46316
Deutsche Soziale Union (DSU),0,national,party,2004,168,40700,0,10000,0,,776,0,8337,Leipzig,Sachsen,51.3406321,12.3747329,,,,,,,,None,https://www.apabiz.de/archiv/material/Profile/DSU-2.htm,,Rechtsextremistische Partei,,,,,,,,,,,,,,,YES,,,,,,,,,,,,,,,,,,,2004-01-01,2005-01-01,,Deutsche Soziale Union,0,776,776,776,0,0,8337,0,0,1,1,None,0,1,1,8608.515,-271.5154
Europäischer Darstellungsverein für Lebendige Geschichte (EDLG),0,international,association,2004,168,40700,0,10000,0,,776,0,8337,Bad Oeynhausen,Nordrhein-Westfalen,52.2014399,8.7981244,80 (2004),,,,,,1,None,https://www.spiegel.de/sptv/a-332608.html,founded in 1995; engaged in historical reenactment; Peter Schulz was a member,Internationale Verbindungen,,,,,,,,,,,,,,,YES,,,,,,,,,,,,,,,,,,,2004-01-01,2005-01-01,,EDLG,0,776,776,776,0,0,8337,0,0,0,1,None,0,1,1,8608.515,-271.5154
Freikorps Havelland,0,regional,association,2004,168,40700,0,10000,0,,776,0,8337,Havelland,Brandenburg,52.6244437,12.6847264,,,"YES (VfS2004, p33), (VfS2005, p51)",Arson against Turkish and Asian businesses,YES,YES (2005),,None,https://de.wikipedia.org/wiki/Freikorps_Havelland,,"Gewaltbereite, Skinheads",,,,,,,,,,,,,,,YES,YES,,,,,,,,,,,,,,,,,,2004-01-01,2006-01-01,2004-05-31,Freikorps Havelland,1,776,776,958,0,0,8337,0,1,0,2,None,0,1,1,8608.515,-271.5154
Nationaler Widerstand Berlin-Brandenburg,0,regional,association,2004,168,40700,0,10000,0,,776,0,8337,Berlin,Berlin,52.5170365,13.3888599,,,"YES (VfS2012, p73)",,,,,Members,https://de.wikipedia.org/wiki/Nationales_und_Soziales_Aktionsb%C3%BCndnis_Mitteldeutschland,,neo-Nazi,,,,,,,,,,,,,,,YES,,,,,,,,YES,,,,,,,,,,,2004-01-01,2013-01-01,,Nationaler Widerstand Berlin-Brandenburg,0,776,776,802,0,0,8337,0.25,1,0,2,Members,0.25,1,1,8608.515,-271.5154
Fränkische Aktionsfront (FAF),1,regional,association,2004,168,40700,0,10000,0,,776,0,8337,Nürnberg,Bayern,49.453872,11.077298,,,,,,,,None,https://www.belltower.news/lexikon/fraenkische-aktionsfront/,,neo-Nazi,,,,,,,,,,,,YES,YES,YES,YES,,,,,,,,,,,,,,,,,,,2001-01-01,2005-01-01,2004-01-22,Fränkische Aktionsfront,1,776,709,776,0,0,8337,0,1,0,4,None,0,1,1,8608.515,-271.5154
Aktionsbüro Rhein-Neckar,0,regional,association,2005,183,39000,0,10400,400,0,958,0,10881,Ludwigshafen,Rheinland-Pfalz,49.4704113,8.4381568,,,,,,,,None,https://www.apabiz.de/wp-content/uploads/FKRN-Einschaetzung.pdf,,,,,,,,,,,,,,,,,,YES,,,,,,,,YES,,,,,,,,,,2005-01-01,2014-01-01,,Aktionsbüro Rhein-Neckar,0,958,958,801,400,0,10881,0,1,0,2,None,0,1,1,8978.568,1902.43237
Bildungswerk für Heimat und nationale Identität e.V.,0,regional,association,2005,183,39000,0,10400,400,0,958,0,10881,Dresden,Sachsen,51.0493286,13.7381437,,,,,,,,None,,"led by Peter Dehoust, connected to NPD",Rechtsextremistische Intellektualisierung,,,,,,,,,,,,,,,,YES,YES,YES,,YES,,,YES,,,,,YES,,,,,,2005-01-01,2018-01-01,,BfHI,0,958,958,1054,400,0,10881,0,0,0,6,None,0,1,1,8978.568,1902.43237
Alternative Nationale Strausberger Dart Piercing und Tattoo Offensive (ANSDAPO),1,regional,association,2005,183,39000,0,10400,400,0,958,0,10881,Strausberg,Brandenburg,52.5814009,13.8833952,,,,,,,,None,,,neo-Nazi,,,,,,,,,,,,,,,,YES,,,,,,,,,,,,,,,,,,2005-01-01,2006-01-01,2005-07-14,ANSDAPO,1,958,958,958,400,0,10881,0,1,0,1,None,0,1,1,8978.568,1902.43237
Berliner Alternative Süd-Ost (BASO),1,regional,association,2005,183,39000,0,10400,400,0,958,0,10881,Treptow,Berlin,52.4884438,13.4703145,,,,,,,,None,https://www.apabiz.de/archiv/material/Profile/BASO.htm,,neo-Nazi,,,,,,,,,,,,,,,,YES,,,,,,,,,,,,,,,,,,2005-01-01,2006-01-01,2005-03-09,Berliner Alternative Süd-Ost,1,958,958,958,400,0,10881,0,1,0,1,None,0,1,1,8978.568,1902.43237
Kameradschaft Hauptvolk and its youth organisation Sturm 27,1,regional,association,2005,183,39000,0,10400,400,0,958,0,10881,Rathenow,Brandenburg,52.6063703,12.3382259,,,,,,,,None,https://www.apabiz.de/archiv/material/Profile/Kameradschaft%20Hauptvolk.htm,,neo-Nazi,,,,,,,,,,,,,,,,YES,,,,,,,,,,,,,,,,,,2005-01-01,2006-01-01,2005-04-06,Kameradschaft Hauptvolk,1,958,958,958,400,0,10881,0,1,0,1,None,0,1,1,8978.568,1902.43237
Kameradschaft Tor Berlin (KTB) together with Maedelsgruppe Kameradschaft Tor Berlin,1,regional,association,2005,183,39000,0,10400,400,0,958,0,10881,Berlin,Berlin,52.5170365,13.3888599,,,,,,,,None,https://antifa-berlin.info/recherche/1782-nazis-unter-waffen-heute-daniel-meinel-kameradschaft-tor-berlin,,neo-Nazi,,,,,,,,,,,,,,,,YES,,,,,,,,,,,,,,,,,,2005-01-01,2006-01-01,2005-03-09,Kameradschaft Tor Berlin,1,958,958,958,400,0,10881,0,1,0,1,None,0,1,1,8978.568,1902.43237
Bewegung Neue Ordnung (BNO),0,national,association,2006,182,38600,0,10400,0,0,1047,0,12627,Vetschau,Brandenburg,51.78259659,14.07153988,100 (2006),,"YES:  (VfS2013, p77-78)",,,YES (2014),,Both,https://www.apabiz.de/archiv/material/Profile/BNO.htm,founded at start of 2004; Schutzbund Deutschland was a wing of BNO; led by Meinolf Schönborn,neo-Nazi; Rechtsterrorismus,,,,,,,,,,,,,,,,,YES,,,,,,,YES,,,,,,,,,,2006-01-01,2015-01-01,2006-05-31,Bewegung Neue Ordnung,1,1047,1047,801,0,0,12627,1,1,0,2,Both,1,0,1,9348.62,3278.38013
Kameradschaft Westerwald,0,regional,association,2006,182,38600,0,10400,0,0,1047,0,12627,Daaden (Westerwald),Rheinland-Pfalz,50.7391746,7.96766,,,,,,YES (2006),,None,https://www.antifainfoblatt.de/artikel/westerwald-eine-kameradschaft-und-ihr-ende,,neo-Nazi,,,,,,,,,,,,,,,,,YES,,,,,,,,,,,,,,,,,2006-01-01,2007-01-01,2006-03-06,Kameradschaft Westerwald,1,1047,1047,1047,0,0,12627,0,1,0,1,None,0,0,1,9348.62,3278.38013
Schutzbund Deutschland,1,regional,association,2006,182,38600,0,10400,0,0,1047,0,12627,Guben,Brandenburg,51.9503235,14.7153567,,,,,,,,Both,,a wing of BNO,neo-Nazi,,,,,,,,,,,,,,,,,YES,,,,,,,,,,,,,,,,,2006-01-01,2007-01-01,2006-12-01,Schutzbund Deutschland,1,1047,1047,1047,0,0,12627,1,1,0,1,Both,1,0,1,9348.62,3278.38013
Bürgerbewegung pro Köln e.V.,0,regional,party,2007,180,31000,0,10000,-400,0,980,0,11935,Köln,Nordrhein-Westfalen,50.938361,6.959974,,,,,,,,Members,https://de.wikipedia.org/wiki/B%C3%BCrgerbewegung_pro_K%C3%B6ln,founded 1996; Manfred Rouhs was active in it (also in banned KAL),Rechtsextremistische Partei,,,,,,,,,,,,,,,,,,YES,,,,,YES,,,YES,YES,,,,,,,2007-01-01,2017-01-01,,Bürgerbewegung pro Köln,0,980,980,1600,-400,0,11935,0.25,0,1,4,Members,0.25,0,1,9718.672,2216.3279
Sturm 34,1,regional,association,2007,180,31000,0,10000,-400,0,980,0,11935,Mittweida,Sachsen,50.9854597,12.9810458,,,YES (VfS 2006: 65) (VfS2007: 56),,,YES (2006),,None,https://de.wikipedia.org/wiki/Sturm_34,,Gewaltbereite,,,,,,,,,,,,,,,,,YES,YES,YES,,,,,,,,,,,,,,,2006-01-01,2008-01-01,2007-04-26,Sturm 34,1,980,1047,980,-400,0,11935,0,1,0,3,None,0,0,1,9718.672,2216.3279
Sache des Volkes (SdV),0,international,association,2008,156,30000,0,9500,-500,0,1042,2,14262,München,Bayern,48.1371079,11.5753822,,,,,,,1,None,https://www.apabiz.de/archiv/material/Profile/SDV-NRAO.htm,"network of Germany, Switzerland, Austria; referenced only as an online page in 2014 report",Rechtsextremistische Intellektualisierung,,,,,,,,,,,,,,,,,,,YES,YES,,,,,YES,,,,,,,,,2008-01-01,2015-01-01,,Sache des Volkes,0,1042,1042,990,-500,0,14262,0,0,0,3,None,0,0,1,10088.724,4173.27566
Collegium Humanum (CH) together with Bauernhilfe e.V,1,national,association,2008,156,30000,0,9500,-500,0,1042,2,14262,Vlotho,Nordrhein-Westfalen,52.1664861,8.8619172,,,,,,,,Both,https://www.belltower.news/bauernhilfe-e-v-51272/,close to Deutsches Kolleg,Rechtsextremistische Intellektualisierung,,,,,,,,,,,,,,,YES,YES,YES,YES,YES,yes,yes,yes,yes,yes,,,yes,yes,,,,,,2004-01-01,2009-01-01,2008-05-07,Collegium Humanum,1,1042,776,1042,-500,0,14262,1,0,0,5,Both,1,0,1,10088.724,4173.27566
Verein zur Rehabilitierung der wegen Bestreitens des Holocaust Verfolgten (VRBHV),1,national,association,2008,156,30000,0,9500,-500,0,1042,2,14262,Vlotho,Nordrhein-Westfalen,52.1664861,8.8619172,,,,,,,1,Both,https://www.belltower.news/bauernhilfe-e-v-51272/,founded 9 Nov. 2003,Internationale Verbindungen,,,,,,,,,,,,,,YES,YES,YES,YES,YES,YES,yes,yes,yes,yes,yes,,,yes,yes,,,,,,2003-01-01,2009-01-01,2008-05-07,VRBHV,1,1042,759,1042,-500,0,14262,1,0,0,6,Both,1,0,1,10088.724,4173.27566
Frontbann 24,1,regional,association,2009,195,26600,0,9000,-500,0,891,1,13280,Berlin,Berlin,52.5170365,13.3888599,,,,,,,,Both,https://taz.de/Rechtsextreme-Kameradschaften/!5160056/,,,,,,,,,,,,,,,,,,,,,,,,,,,,,,,,,,,,,,2009-11-05,Frontbann 24,1,891,891,891,-500,1,13280,1,1,0,0,Both,1,0,1,10458.777,2821.22342
Heimattreue Deutsche Jugend - Bund zum Schutz fuer Umwelt Mitwelt und Heimat e.V. (HDJ),1,national,association,2009,195,26600,0,9000,-500,0,891,1,13280,"Kiel, Berlin","Schleswig-Holstein, Berlin",54.3227085,10.135555,350 (2007),,,,,,,Members,https://www.apabiz.de/archiv/material/Profile/HDJ.htm,very well networked (VfS2007: 59),,,,,,,,,,,,,,,,,,,YES,YES,YES,yes,yes,yes,yes,,,,,,,,,,2007-01-01,2010-01-01,2009-03-31,Heimattreue Deutsche Jugend,1,891,980,891,-500,1,13280,0.25,1,0,3,Members,0.25,0,1,10458.777,2821.22342
Mecklenburgische Aktionsfront (M.A.F.),1,regional,association,2009,195,26600,0,9000,-500,0,891,1,13280,Neustrelitz,Mecklenburg-Vorpommern,53.3617163,13.0630004,,,,,,,,None,,"led by David Petereit, Mathias Wirth",,,,,,,,,,,,,,,,,,,,,,,,,,,,,,,,,,,,,2009-05-28,Mecklenburgische Aktionsfront,1,891,891,891,-500,1,13280,0,1,0,0,None,0,0,1,10458.777,2821.22342
Europäische Aktion (EA),0,national,association,2011,225,22400,0,9800,1500,0,755,0,11401,Verden,"Niedersachsen, Thüringen",52.9759701,9.1808391,100 (2013),,,,,YES (2017),,Leader,,"led by Bernhard Schaub, former leader of VRBHV (banned in 2008); German leader, Rigolf Hennig; surprisingly dissolved itself on 10 June 2017, two weeks before police raids in Thüringen and Niedersachsen",Geschichtsrevisionismus; neo-Nazi (2015),,,,,,,,,,,,,,,,,,,,,,YES,YES,YES,YES,YES,YES,YES,,,,,,2011-01-01,2018-01-01,2017-11-22,Europäische Aktion,1,755,755,1054,1500,0,11401,0.75,1,0,7,Leader,0.75,0,1,11198.881,202.11895
Städte gegen Islamisierung,0,national,association,2011,225,22400,0,9800,1500,0,755,0,11401,Berlin,Berlin,52.5170365,13.3888599,,,,,,,1,None,,"founded 2008, Patrik Brinkmann, Filip Dewinter",Internationale Verbindungen,,,,,,,,,,,,,,,,,,,,,,YES,,,,,,,,,,,,2011-01-01,2012-01-01,,Städte gegen Islamisierung,0,755,755,755,1500,0,11401,0,0,0,1,None,0,0,1,11198.881,202.11895
Freie Kräfte Teltow-Fläming,1,regional,association,2011,225,22400,0,9800,1500,0,755,0,11401,Teltow-Fläming,Brandenburg,52.0994194,13.265844,,,,,,,,None,,,,,,,,,,,,,,,,,,,,,,,,,,,,,,,,,,,,,,,2011-04-11,Freie Kräfte Teltow-Fläming,1,755,755,755,1500,0,11401,0,1,0,0,None,0,0,1,11198.881,202.11895
Hilfsorganisation für nationale politische Gefangene und deren Angehörige e.V. (HNG),1,national,association,2011,225,22400,0,9800,1500,0,755,0,11401,Frankfurt,Hessen,50.1106444,8.6820917,"600 (2001), 550 (2000), 500 (1999), 450 (1998), 400 (1997), 350 (1996), 300 (1995), 340 (1994), 220 (1993), 200 (1992), 200 (1990)",,"YES: (VfS1994, p95)",,,,,Leader,https://www.apabiz.de/archiv/material/Profile/HNG.htm,led by Ursula Müller,neo-Nazi,YES,YES,YES,YES,YES,YES,YES,YES,YES,YES,YES,YES,YES,YES,YES,YES,YES,,,YES,YES,YES,yes,yes,,,,,,,,,,1990-01-01,2012-01-01,2011-09-21,HNG,1,755,891,755,1500,0,11401,0.75,1,0,20,Leader,0.75,0,1,11198.881,202.11895
Aktionsbündnis gegen das Vergessen (AgdV),0,regional,association,2012,,22150,0,9600,-200,0,802,0,12219,Dresden,Sachsen,51.0493286,13.7381437,,,,,,,,None,,,,,,,,,,,,,,,,,,,,,,,,,,YES,,,,,,,,,,,2012-01-01,2013-01-01,,Aktionsbündnis gegen das Vergessen,0,802,802,802,-200,0,12219,0,0,0,1,None,0,0,0,11568.933,650.06672
Aktionsbüro Mittelrhein (AB Mittelrhein),0,regional,association,2012,,22150,0,9600,-200,0,802,0,12219,Bad Neuenahr-Ahrweiler,Rheinland-Pfalz,50.5444551,7.1186671,,,"YES: (VfS2012, p75)","Bildung und Mitgliedschaft in einer kriminellen Vereinigung, gefährlicher Körper­ verletzung, schweren Landfriedensbruchs",,YES (2012),,Members,https://de.wikipedia.org/wiki/Aktionsb%C3%BCro_Mittelrhein,,neo-Nazi,,,,,,,,,,,,,,,,,,,,,,,YES,YES,,,,YES,,,,,,2012-01-01,2013-01-01,2012-08-15,Aktionsbüro Mittelrhein,1,802,802,802,-200,0,12219,0.25,1,0,3,Members,0.25,0,0,11568.933,650.06672
Bürgerbewegung pro NRW,0,regional,party,2012,,22150,0,9600,-200,0,802,0,12219,Düsseldorf,Nordrhein-Westfalen,51.2254018,6.7763137,"400 (2017), 500 (2015), 950 (2014), 1000 (2012)",YES,,,,,,Members,,"founded in 2007, led by Markus Beisicht",Partei,,,,,,,,,,,,,,,,,,,,,,,YES,YES,YES,YES,YES,YES,YES,yes,,,,2012-01-01,2019-01-01,,Bürgerbewegung pro NRW,0,802,802,1088,-200,0,12219,0.25,0,1,7,Members,0.25,0,0,11568.933,650.06672
Die Rechte,0,national,party,2012,,22150,0,9600,-200,0,802,0,12219,Parchim,Mecklenburg-Vorpommern,53.4258455,11.8475244,"450 (2022), 500 (2021), 550 (2019), 600 (2018), 650 (2017), 700 (2016), 650 (2015), 500 (2013), 150 (2012)",YES,,,,YES (2012),1,Both,,"led by Christian Worch, leader of plenty of previously banned groups; many members from groups banned in 2012; founded in 2012",Partei; neo-Nazi,,,,,,,,,,,,,,,,,,,,,,,YES,YES,YES,YES,YES,YES,YES,YES,YES,YES,YES,2012-01-01,2023-01-01,,Die Rechte,0,802,802,1016,-200,0,12219,1,1,1,11,Both,1,0,0,11568.933,650.06672
Honour & Pride,0,national,association,2012,,22150,0,9600,-200,0,802,0,12219,Schwanebeck­Nienhagen,Sachsen-Anhalt,51.9686422,11.1216923,,,,,,,,Members,https://www.endstation-rechts.de/news/honour-pride-will-wieder-aktiv-werden,led by Oliver Malina,"Gewaltbereite, Skinheads",,,,,,,,,,,,,,,,,,,,,,,YES,,,,,,,,,,,2012-01-01,2013-01-01,,Honour & Pride,0,802,802,802,-200,0,12219,0.25,1,0,1,Members,0.25,0,0,11568.933,650.06672
Jagdstaffel D.S.T.,0,regional,association,2012,,22150,0,9600,-200,0,802,0,12219,"Geretsried, München",Bayern,47.8646925,11.479351,,,"YES: (VfS2012, p66)",,,,,None,,"Deutsch-Stolz-Treu', led by Dominik Baumann and Stefan Reiche",neo-Nazi,,,,,,,,,,,,,,,,,,,,,,,YES,,,,,,,,,,,2012-01-01,2013-01-01,,Jagdstaffel D.S.T.,0,802,802,802,-200,0,12219,0,1,0,1,None,0,0,0,11568.933,650.06672
Besseres Hannover,1,regional,association,2012,,22150,0,9600,-200,0,802,0,12219,Hannover,Niedersachsen,52.3744779,9.7385532,,,,,,,,None,,monitored in Niedersachsen since late 2008,neo-Nazi,,,,,,,,,,,,,,,,,,,,,,,,,,,,,,,,,,,,2012-09-25,Besseres Hannover,1,802,802,802,-200,0,12219,0,1,0,0,None,0,0,0,11568.933,650.06672
Kameradschaft Aachener Land,1,regional,association,2012,,22150,0,9600,-200,0,802,0,12219,Aachen,Nordrhein-Westfalen,50.776351,6.083862,,,"YES: (VfS2010, p58)",,,,,Members,https://de.wikipedia.org/wiki/Widerstand_West // https://www.demokratie-leben-aachen.de/de/aktuelles/detail/KAL3,"mentioned in connection to 1. May demos in Berlin; showed coded support for NSU (VfS2011, 63); led by Rene Laube and Manfred Rouhe",Gewaltbereite,,,,,,,,,,,,,,,,,,,,,YES,YES,YES,,,,,,,,,,,2010-01-01,2013-01-01,2012-08-23,Kameradschaft Aachener Land,1,802,762,802,-200,0,12219,0.25,1,0,3,Members,0.25,0,0,11568.933,650.06672
Kameradschaft Hamm,1,regional,association,2012,,22150,0,9600,-200,0,802,0,12219,Hamm,Nordrhein-Westfalen,51.6804093,7.815197,,,,,,,,None,,Sascha Krolzig,neo-Nazi,,,,,,,,,,,,,,,YES,,,,,,,,YES,yes,,,,,,,,,,2004-01-01,2013-01-01,2012-08-23,Kameradschaft Hamm,1,802,776,802,-200,0,12219,0,1,0,2,None,0,0,0,11568.933,650.06672
Kameradschaft Walter Spangenberg,1,regional,association,2012,,22150,0,9600,-200,0,802,0,12219,Köln,Nordrhein-Westfalen,50.938361,6.959974,,,,,,,,None,,led by Axel Reitz,neo-Nazi,,,,,,,,,,,,,,,,,,,,,,,YES,,,,,,,,,,,2012-01-01,2013-01-01,2012-05-10,Kameradschaft Walter Spangenberg,1,802,802,802,-200,0,12219,0,1,0,1,None,0,0,0,11568.933,650.06672
Nationaler Widerstand Dortmund,1,regional,association,2012,,22150,0,9600,-200,0,802,0,12219,Dortmund,Nordrhein-Westfalen,51.5142273,7.4652789,,,,,,,,Both,,led by Siegfried Borchardt (SS-Sigi),neo-Nazi,,,,,,,,,,,,,,,,,,,,,,,YES,yes,,,,,,,,,,2012-01-01,2013-01-01,2012-08-23,Nationaler Widerstand Dortmund,1,802,802,802,-200,0,12219,1,1,0,1,Both,1,0,0,11568.933,650.06672
Widerstandsbewegung in Südbrandenburg,1,regional,association,2012,,22150,0,9600,-200,0,802,0,12219,Cottbus,Brandenburg,51.7567447,14.3357307,,,,,,,,Members,,led by Maik Bunzel,neo-Nazi,,,,,,,,,,,,,,,,,,,,,,,YES,yes,,,,,,,,,,2012-01-01,2013-01-01,2012-06-19,Widerstandsbewegung in Südbrandenburg,1,802,802,802,-200,0,12219,0.25,1,0,1,Members,0.25,0,0,11568.933,650.06672
AD Jail Crew,0,regional,association,2013,,21700,0,9600,0,0,801,0,11639,Hünfeld,Hessen,50.65546,9.7764627,,,,,,,,Leader,,Knastkameradschaft'; led by Bernd Tödter (used to be in HNG),Gewaltbereite,,,,,,,,,,,,,,,,,,,,,,,,YES,,,,,,,,,,2013-01-01,2014-01-01,,AD Jail Crew,0,801,801,801,0,0,11639,0.75,1,0,1,Leader,0.75,0,0,11938.986,-299.98552
Bürgerbewegung Marzahn-Hellersdorf,0,regional,association,2013,,21700,0,9600,0,0,801,0,11639,Marzahn-Hellersdorf,Berlin,52.53659058,13.60471344,,,,,,,,Members,https://rechtsaussen.berlin/tag/buergerbewegung-marzahn-hellersdorf/,"influence on immigration debate, led by Marcel Rockel",Gewaltbereite,,,,,,,,,,,,,,,,,,,,,,,,YES,,,,,,,,,,2013-01-01,2014-01-01,,Bürgerbewegung Marzahn-Hellersdorf,0,801,801,801,0,0,11639,0.25,1,0,1,Members,0.25,0,0,11938.986,-299.98552
Der III. Weg,0,national,party,2013,,21700,0,9600,0,0,801,0,11639,Bad Dürkheim,Rheinland-Pfalz,49.4632944,8.1705063,"700 (2022), 650 (2021), 600 (2020), 580 (2019), 530 (2018), 500 (2017), 350 (2016), 300 (2015), 200 (2014)",,"YES: (VfS2022, p56)",Volksverhetzung,,,,Both,,,Partei; neo-Nazi,,,,,,,,,,,,,,,,,,,,,,,,YES,YES,YES,YES,YES,YES,YES,YES,YES,YES,2013-01-01,2023-01-01,,Der III. Weg,0,801,801,1016,0,0,11639,1,1,1,10,Both,1,0,0,11938.986,-299.98552
Hamburger Nationalkollektiv,0,regional,association,2013,,21700,0,9600,0,0,801,0,11639,Hamburg,Hamburg,53.550341,10.000654,,,,,,,,Both,https://www.abendblatt.de/hamburg/article108171143/Neue-Gruppe-von-Neonazis-macht-in-Hamburg-mobil.html,,Rechtsterrorismus,,,,,,,,,,,,,,,,,,,,,,,,YES,,,,,,,,,,2013-01-01,2014-01-01,,Hamburger Nationalkollektiv,0,801,801,801,0,0,11639,1,1,0,1,Both,1,0,0,11938.986,-299.98552
Werwolf-Kommando,0,regional,association,2013,,21700,0,9600,0,0,801,0,11639,,"Hamburg, Niedersachsen, Mecklenburg-Vorpommern",53.312914,10.751284,,,"YES: (VfS2013, p77)",,,YES (2013),,None,https://www.spiegel.de/panorama/justiz/razzia-gegen-nazi-organisation-werwolf-zelle-a-911558.html,"led by Sebastien N; Jeroen B, Ueli S, Roberto K also members",Rechtsterrorismus,,,,,,,,,,,,,,,,,,,,,,,,YES,,,,,,,,,,2013-01-01,2014-01-01,2013-07-17,Werwolf-Kommando,1,801,801,801,0,0,11639,0,1,0,1,None,0,0,0,11938.986,-299.98552
Nationale Sozialisten Döbeln,1,regional,association,2013,,21700,0,9600,0,0,801,0,11639,Döbeln,Sachsen,51.1167001,13.1166999,,,,,,,,Both,https://www.spiegel.de/panorama/justiz/sachsen-innenminister-verbietet-nationale-sozialisten-doebeln-a-884056.html,connected to Band 'Inkubation',neo-Nazi,,,,,,,,,,,,,,,,,,,,,,,,YES,,,,,,,,,,2013-01-01,2014-01-01,2013-02-18,Nationale Sozialisten Döbeln,1,801,801,801,0,0,11639,1,1,0,1,Both,1,0,0,11938.986,-299.98552
Hooligans gegen Salafisten (HoGeSa),0,regional,association,2014,,21000,0,10500,900,1,990,0,11055,Köln,Nordrhein-Westfalen,50.938361,6.959974,,,"YES: (VfS2014, p28)",,YES,,,Members,,"founded by Dominik Roeseler, among others",Hooligans/ultras,,,,,,,,,,,,,,,,,,,,,,,,,YES,YES,,,yes,,,,,2014-01-01,2016-01-01,,Hooligans gegen Salafisten,0,990,990,1408,900,0,11055,0.25,1,0,2,Members,0.25,0,0,12309.038,-1254.03776
Autonome Nationalisten Göppingen,1,regional,association,2014,,21000,0,10500,900,1,990,0,11055,Göppingen,Baden-Württemberg,48.7031377,9.6541116,,,,,,YES (2014),,None,,,,,,,,,,,,,,,,,,,,,,,,,,,,yes,,,,,,,,,2014-01-01,2015-01-01,2014-12-18,Autonome Nationalisten Göppingen,1,990,990,990,900,0,11055,0,1,0,0,None,0,0,0,12309.038,-1254.03776
Freies Netz Süd,1,regional,association,2014,,21000,0,10500,900,1,990,0,11055,München,Bayern,48.1371079,11.5753822,,,"YES: (VfS2013, p74)",,,YES (2013),,Both,https://de.wikipedia.org/wiki/Freies_Netz_S%C3%BCd,supported by NPD,Rechtsextremistische Partei,,,,,,,,,,,,,,,,,,,,,,YES,YES,YES,yes,,,,,,,,,2011-01-01,2015-01-01,2014-07-23,Freies Netz Süd,1,990,990,755,900,0,11055,1,1,0,3,Both,1,0,0,12309.038,-1254.03776
Nationale Sozialisten Chemnitz,1,regional,association,2014,,21000,0,10500,900,1,990,0,11055,Chemnitz,Sachsen,50.8322608,12.9252977,,,,,,,,Both,,"led by Eric Fröhlich, Maik Arnold und Sandra Bendel; members were in Sturm 34; Yves Rahmel owned headquarters; Maik Eminger was member",,,,,,,,,,,,,,,,,,,,,,,,,,yes,,,,,,,,,2014-01-01,2015-01-01,2014-03-28,Nationale Sozialisten Chemnitz,1,990,990,990,900,0,11055,1,1,0,0,Both,1,0,0,12309.038,-1254.03776
Schwarze Schar MC,1,regional,association,2014,,21000,0,10500,900,1,990,0,11055,Wismar,Mecklenburg-Vorpommern,53.8909832,11.4647932,,,,,,,,None,,led by Philip Schlaffer,,,,,,,,,,,,,,,,,,,,,,,,,,,,,,,,,,,,,2014-12-01,Schwarze Schar MC,1,990,990,990,900,0,11055,0,1,0,0,None,0,0,0,12309.038,-1254.03776
Alternative für Deutschland (AfD),0,national,party,2015,,22600,1,11800,1300,1,1408,0,12154,Berlin,Berlin,52.5170365,13.3888599,10200 (2022),YES,,,,,1,Members,,,"Partei, Rechtsextremistische Verdachtsfälle",,,,,,,,,,,,,,,,,,,,,,,,,,YES,YES,YES,,YES,YES,YES,,2015-01-01,2022-01-01,,Alternative für Deutschland,0,1408,1408,945,1300,0,12154,0.25,0,1,6,Members,0.25,0,0,12679.09,-525.08999
Bamberger Gruppe,0,regional,association,2015,,22600,1,11800,1300,1,1408,0,12154,Bamberg,Bayern,49.8916044,10.8868478,,,,,,YES (2016),,None,,,Gewaltbereit,,,,,,,,,,,,,,,,,,,,,,,,,,YES,YES,,,,,,,2015-01-01,2017-01-01,2016-07-20,Bamberger Gruppe,1,1408,1408,1600,1300,0,12154,0,1,0,2,None,0,0,0,12679.09,-525.08999
Bärgida,0,regional,association,2015,,22600,1,11800,1300,1,1408,0,12154,Berlin,Berlin,52.5170365,13.3888599,,,,,,,,None,,policeman participated Norman Wollenzien,anti-asyl-agitation,,,,,,,,,,,,,,,,,,,,,,,,,,YES,YES,,,,,,,2015-01-01,2017-01-01,,Bärgida,0,1408,1408,1600,1300,0,12154,0,0,0,2,None,0,0,0,12679.09,-525.08999
BraMM-PEGIDA,0,regional,association,2015,,22600,1,11800,1300,1,1408,0,12154,Brandenburg an der Havel,Brandenburg,52.4108261,12.5497933,,,,,,,,Members,https://inforiot.de/spaziergang-von-bramm-pegida-entpuppt-sich-als-neonaziveranstaltung/,,anti-asyl-agitation,,,,,,,,,,,,,,,,,,,,,,,,,,YES,,,,,,,,2015-01-01,2016-01-01,,BraMM-PEGIDA,0,1408,1408,1408,1300,0,12154,0.25,0,0,1,Members,0.25,0,0,12679.09,-525.08999
THÜGIDA,0,regional,association,2015,,22600,1,11800,1300,1,1408,0,12154,Suhl,Thüringen,50.6086518,10.6926437,,,,,,,,Members,,"led by NPD and EA (Europäischer Aktion) individuals, David Köckert and Christian Bärthel",anti-asyl-agitation,,,,,,,,,,,,,,,,,,,,,,,,,,YES,YES,,,,,,,2015-01-01,2017-01-01,,THÜGIDA,0,1408,1408,1600,1300,0,12154,0.25,0,0,2,Members,0.25,0,0,12679.09,-525.08999
PEGIDA Franken,0,regional,association,2015,,22600,1,11800,1300,1,1408,0,12154,Würzburg,Bayern,49.79245,9.932966,,,,,,,,None,,,anti-asyl-agitation,,,,,,,,,,,,,,,,,,,,,,,,,,YES,,,,,,,,2015-01-01,2016-01-01,,PEGIDA Franken,0,1408,1408,1408,1300,0,12154,0,0,0,1,None,0,0,0,12679.09,-525.08999
MVGIDA,0,regional,association,2015,,22600,1,11800,1300,1,1408,0,12154,Schwerin,Mecklenburg-Vorpommern,53.6288297,11.4148038,,,,,,,,None,,led by NPD members,anti-asyl-agitation,,,,,,,,,,,,,,,,,,,,,,,,,,YES,,,,,,,,2015-01-01,2016-01-01,,MVGIDA,0,1408,1408,1408,1300,0,12154,0,0,0,1,None,0,0,0,12679.09,-525.08999
Magida 2.0,0,regional,association,2015,,22600,1,11800,1300,1,1408,0,12154,Magdeburg,Sachsen-Anhalt,52.1315889,11.6399609,,,,,,,,None,https://www.endstation-rechts.de/news/magdeburg-trauermarsch-comeback-gescheitert,"led by NPD member Gustav Haenschke, participants included Peter Walde, Sigrdi Schüßler, Denis Ronser, Matthias Fischer",anti-asyl-agitation,,,,,,,,,,,,,,,,,,,,,,,,,,YES,,,,,,,,2015-01-01,2016-01-01,,Magida 2.0,0,1408,1408,1408,1300,0,12154,0,0,0,1,None,0,0,0,12679.09,-525.08999
DÜGIDA,0,regional,association,2015,,22600,1,11800,1300,1,1408,0,12154,Düsseldorf,Nordrhein-Westfalen,51.2254018,6.7763137,,,,,,,,None,,led by Melanie Dittmer,anti-asyl-agitation,,,,,,,,,,,,,,,,,,,,,,,,,,YES,,,,,,,,2015-01-01,2016-01-01,,DÜGIDA,0,1408,1408,1408,1300,0,12154,0,0,0,1,None,0,0,0,12679.09,-525.08999
KÖGIDA,0,regional,association,2015,,22600,1,11800,1300,1,1408,0,12154,Köln,Nordrhein-Westfalen,50.938361,6.959974,,,,,,,,None,,,anti-asyl-agitation,,,,,,,,,,,,,,,,,,,,,,,,,,YES,,,,,,,,2015-01-01,2016-01-01,,KÖGIDA,0,1408,1408,1408,1300,0,12154,0,0,0,1,None,0,0,0,12679.09,-525.08999
LEGIDA,0,regional,association,2015,,22600,1,11800,1300,1,1408,0,12154,Leipzig,Sachsen,51.3406321,12.3747329,,,,,,,,None,,,Gewaltbereit,,,,,,,,,,,,,,,,,,,,,,,,,,YES,,,,,,,,2015-01-01,2016-01-01,,LEGIDA,0,1408,1408,1408,1300,0,12154,0,0,0,1,None,0,0,0,12679.09,-525.08999
PEGIDA,0,regional,association,2015,,22600,1,11800,1300,1,1408,0,12154,Dresden,Sachsen,51.0493286,13.7381437,,,,,,,,Members,,,anti-asyl-agitation,,,,,,,,,,,,,,,,,,,,,,,,,,YES,YES,,,,,,,2015-01-01,2017-01-01,,PEGIDA,0,1408,1408,1600,1300,0,12154,0.25,0,0,2,Members,0.25,0,0,12679.09,-525.08999
Bürgerwehr FTL/360,0,regional,association,2015,,22600,1,11800,1300,1,1408,0,12154,Freital,Sachsen,51.016265,13.6530329,,,,,,YES (2015),,Members,,"members of Gruppe Freital active in FTL/360 (VfS2018, p56)",Gewaltbereit,,,,,,,,,,,,,,,,,,,,,,,,,,YES,YES,,,,,,,2015-01-01,2016-01-01,2015-11-30,Bürgerwehr FTL/360,1,1408,1408,1408,1300,0,12154,0.25,1,0,2,Members,0.25,0,0,12679.09,-525.08999
Deutsche Widerstands Bewegung (DWB),0,regional,association,2015,,22600,1,11800,1300,1,1408,0,12154,Berlin,Berlin,52.5170365,13.3888599,,,"YES: (VfS2015, p54)",Arson,YES,,,None,https://www.linksfraktion.berlin/fileadmin/linksfraktion/ka/2017/S18-10648.pdf,,Gewaltbereit,,,,,,,,,,,,,,,,,,,,,,,,,,YES,,,,,,,,2015-01-01,2016-01-01,,Deutsche Widerstands Bewegung,0,1408,1408,1408,1300,0,12154,0,1,0,1,None,0,0,0,12679.09,-525.08999
Oldschool Society,1,national,association,2015,,22600,1,11800,1300,1,1408,0,12154,München,Bayern,48.1371079,11.5753822,,,"YES: (VfS2017, p55)",,YES,YES (2015),,None,,"Markus W. (fünf Jahre Haft) und Andreas H. (viereinhalb Jahre Haft) verurteilt. Denise G. erhielt eine Haftstrafe von drei Jahren und zehn Monaten, Olaf O.",Gewaltbereit,,,,,,,,,,,,,,,,,,,,,,,,,,YES,YES,YES,YES,,,,,2015-01-01,2016-01-01,2015-05-06,Oldschool Society,1,1408,1408,1408,1300,0,12154,0,1,0,4,None,0,0,0,12679.09,-525.08999
Sturm 18 e.V.,1,regional,association,2015,,22600,1,11800,1300,1,1408,0,12154,Kassel,Hessen,51.3154546,9.4924096,,,,,,,,Leader,,"led by Bernd Tödter (used to be in HNG, and led AD Jail Crew)","Gewaltbereit, Skinheads",,,,,,,,,,,,,yes (band?),,,,,,,,,,,,,,,,,,,,,,,2015-10-29,Sturm 18 e.V.,1,1408,1408,1408,1300,0,12154,0.75,1,0,0,Leader,0.75,0,0,12679.09,-525.08999
Antikapitalistisches Kollektiv (AKK),0,regional,association,2016,,23100,1,12100,300,1,1600,1,12476,Frankfurt,Hessen,50.1106444,8.6820917,,,,,,,,Members,,,Gewaltbereit; neo-Nazis,,,,,,,,,,,,,,,,,,,,,,,,,,,YES,YES,,,,,,2016-01-01,2018-01-01,,Antikapitalistisches Kollektiv,0,1600,1600,1054,300,0,12476,0.25,1,0,2,Members,0.25,0,0,13049.142,-573.14223
Brigade Halle,0,regional,association,2016,,23100,1,12100,300,1,1600,1,12476,Halle,Sachsen-Anhalt,51.4825041,11.9705452,,,,,,,,Members,https://hosenrunter.noblogs.org/personen/brigade-halle-bhs/,"Torsten Kahle, Tom Köppe, Thomas Scharf, Thomas Lorr, Steve Pötzsch, Stefan Woitschach, ",,,,,,,,,,,,,,,,,,,,,,,,,,,,YES,,,,,,,2016-01-01,2017-01-01,,Brigade Halle,0,1600,1600,1600,300,0,12476,0.25,1,0,1,Members,0.25,0,0,13049.142,-573.14223
Europa Terra Nostra e.V. (ETN),0,national,association,2016,,23100,1,12100,300,1,1600,1,12476,Berlin,Berlin,52.5170365,13.3888599,,,,,,,1,None,https://www.apabiz.de/2016/europa-terra-nostra-etn/,"Dan Eriksson (Vorsitzender), Konstantinos Boviatsos (Golden Dawn[1], Stellvertreter seit Juni 2016), Oliver Niedrich (NPD Berlin, Stellvertreter bis Juni 2016), Susann Starke (Schatzmeisterin)",,,,,,,,,,,,,,,,,,,,,,,,,,,,YES,YES,YES,,,,,2016-01-01,2019-01-01,,Europa Terra Nostra e.V.,0,1600,1600,1088,300,0,12476,0,0,0,3,None,0,0,0,13049.142,-573.14223
Freie Kameradschaft Dresden (FKD),0,regional,association,2016,,23100,1,12100,300,1,1600,1,12476,Dresden,Sachsen,51.0493286,13.7381437,,,"YES: (VfS2017, p55)",,YES,YES (2016),,Members,https://www.antifainfoblatt.de/artikel/hartes-urteil-gegen-mitglieder-der-%E2%80%9Egruppe-freital%E2%80%9C,,,,,,,,,,,,,,,,,,,,,,,,,,,,,YES,YES,,,,,,2016-01-01,2018-01-01,2017-08-25,Freie Kameradschaft Dresden,1,1600,1600,1054,300,0,12476,0.25,1,0,2,Members,0.25,0,0,13049.142,-573.14223
Identitäre Bewegung Deutschland (IBD),0,national,association,2016,,23100,1,12100,300,1,1600,1,12476,Paderborn,Nordrhein-Westfalen,51.7189596,8.7648698,"500 (2021), 575 (2020), 600 (2018), 500 (2017), 300 (2016)",,,,,,,None,,,Neue Rechte,,,,,,,,,,,,,,,,,,,,,,,,,,,YES,YES,YES,YES,YES,YES,YES,2016-01-01,2023-01-01,,Identitäre Bewegung Deutschland,0,1600,1600,1016,300,0,12476,0,0,0,7,None,0,0,0,13049.142,-573.14223
Nauener Gruppe,0,regional,association,2016,,23100,1,12100,300,1,1600,1,12476,Nauen,Brandenburg,52.6061065,12.8772599,,,,"YES (VfS2016, 44)",arson,YES (2016),,None,https://dserver.bundestag.de/btd/18/125/1812517.pdf,led by Maik Schneider,Rechtsterrorismus,,,,,,,,,,,,,,,,,,,,,,,,,,,YES,yes,,,,,,2016-01-01,2017-01-01,2016-07-18,Nauener Gruppe,1,1600,1600,1600,300,0,12476,0,1,0,1,None,0,0,0,13049.142,-573.14223
NÜGIDA,0,regional,association,2016,,23100,1,12100,300,1,1600,1,12476,Nürnberg,Bayern,49.453872,11.077298,,,,,,,,None,https://www.nordbayern.de/region/nuernberg/nugida-demo-marschiert-ex-npd-mann-biller-mit-1.4163382,led by Rainer Biller,anti-asyl-agitation,,,,,,,,,,,,,,,,,,,,,,,,,,,YES,,,,,,,2016-01-01,2017-01-01,,NÜGIDA,0,1600,1600,1600,300,0,12476,0,0,0,1,None,0,0,0,13049.142,-573.14223
PEGIDA NRW,0,regional,association,2016,,23100,1,12100,300,1,1600,1,12476,Köln,Nordrhein-Westfalen,50.938361,6.959974,,,,,,,,Members,https://de.indymedia.org/node/158358,led by Kevin Strenzke,anti-asyl-agitation,,,,,,,,,,,,,,,,,,,,,,,,,,,YES,,,,,,,2016-01-01,2017-01-01,,PEGIDA NRW,0,1600,1600,1600,300,0,12476,0.25,0,0,1,Members,0.25,0,0,13049.142,-573.14223
Amt für Menschenrecht,0,national,association,2016,,23100,1,12100,300,1,1600,1,12476,Berlin,Berlin,52.5170365,13.3888599,,,,,,,,None,,"Also referred to as „Gerichthof der Menschen“, „Internationales Zentrum für Menschenrechte“ (IZMR).",Reichsbürger,,,,,,,,,,,,,,,,,,,,,,,,,,,YES,,YES,YES,YES,,,2016-01-01,2021-01-01,,Amt für Menschenrecht,0,1600,1600,1023,300,0,12476,0,0,0,4,None,0,0,0,13049.142,-573.14223
Exilregierung Deutsches Reich,0,national,association,2016,,23100,1,12100,300,1,1600,1,12476,Hannover,Niedersachsen,52.3744779,9.7385532,,,,,,,,None,,,Reichsbürger,,,,,,,,,,,,,,,,,,,,,,,,,,,YES,,YES,,,,,2016-01-01,2019-01-01,,Exilregierung Deutsches Reich,0,1600,1600,1088,300,0,12476,0,0,0,2,None,0,0,0,13049.142,-573.14223
Koenigreich Deutschland (KRD),0,national,association,2016,,23100,1,12100,300,1,1600,1,12476,Lutherstadt Wittenberg,Sachsen-Anhalt,51.89758753,12.60669197,,,,,,,,None,,lecture meetings and paid seminars,Reichsbürger,,,,,,,,,,,,,,,,,,,,,,,,,,,YES,,,,YES,YES,YES,2016-01-01,2023-01-01,,Koenigreich Deutschland,0,1600,1600,1016,300,0,12476,0,0,0,4,None,0,0,0,13049.142,-573.14223
Staatenbund Deutschland,0,national,association,2016,,23100,1,12100,300,1,1600,1,12476,München,Bayern,48.1371079,11.5753822,,,,,,YES (2018),,None,,"Also referred to as Staatenbundes Deutsches Reich, Deutsches Reich, or 2. Deutsches Reich",Reichsbürger,,,,,,,,,,,,,,,,,,,,,,,,,,,YES,YES,YES,YES,YES,YES,YES,2016-01-01,2019-01-01,2018-03-31,Staatenbund Deutschland,1,1600,1600,1088,300,0,12476,0,0,0,7,None,0,0,0,13049.142,-573.14223
Bundesstaat Bayern,0,regional,association,2016,,23100,1,12100,300,1,1600,1,12476,München,Bayern,48.1371079,11.5753822,,,,,,,,None,,,Reichsbürger,,,,,,,,,,,,,,,,,,,,,,,,,,,YES,YES,,,,,,2016-01-01,2018-01-01,,Bundesstaat Bayern,0,1600,1600,1054,300,0,12476,0,0,0,2,None,0,0,0,13049.142,-573.14223
Freistaat Preussen,0,regional,association,2016,,23100,1,12100,300,1,1600,1,12476,Königsfeld,Rheinland-Pfalz,50.4986886,7.1768998,,,,,,,,None,,,Reichsbürger,,,,,,,,,,,,,,,,,,,,,,,,,,,YES,YES,YES,,yes,,,2016-01-01,2019-01-01,,Freistaat Preussen,0,1600,1600,1088,300,0,12476,0,0,0,3,None,0,0,0,13049.142,-573.14223
Bundesstaat Baden,0,regional,association,2016,,23100,1,12100,300,1,1600,1,12476,Karlsruhe,Baden-Württemberg,49.0068705,8.4034195,,,,,,,,None,,Republik Baden,Reichsbürger,,,,,,,,,,,,,,,,,,,,,,,,,,,YES,YES,,,yes,,,2016-01-01,2018-01-01,,Bundesstaat Baden,0,1600,1600,1054,300,0,12476,0,0,0,2,None,0,0,0,13049.142,-573.14223
Bundesstaat Württemberg,0,regional,association,2016,,23100,1,12100,300,1,1600,1,12476,Rottenburg,Baden-Württemberg,48.47696,8.9336788,,,,,,,,None,,Freier Volksstaat Württemberg,Reichsbürger,,,,,,,,,,,,,,,,,,,,,,,,,,,YES,YES,,,yes,,,2016-01-01,2018-01-01,,Bundesstaat Württemberg,0,1600,1600,1054,300,0,12476,0,0,0,2,None,0,0,0,13049.142,-573.14223
Bundesstaat Sachsen,0,regional,association,2016,,23100,1,12100,300,1,1600,1,12476,Dresden,Sachsen,51.0493286,13.7381437,,,,,,,,None,,,Reichsbürger,,,,,,,,,,,,,,,,,,,,,,,,,,,YES,YES,,,yes,,,2016-01-01,2018-01-01,,Bundesstaat Sachsen,0,1600,1600,1054,300,0,12476,0,0,0,2,None,0,0,0,13049.142,-573.14223
Staat Ur,0,regional,association,2016,,23100,1,12100,300,1,1600,1,12476,Reuden,Sachsen-Anhalt,52.06493445,12.29964253,,,,,,,,None,,,Reichsbürger,,,,,,,,,,,,,,,,,,,,,,,,,,,YES,,,,,,,2016-01-01,2017-01-01,,Staat Ur,0,1600,1600,1600,300,0,12476,0,0,0,1,None,0,0,0,13049.142,-573.14223
Verein zur Förderung des Rechtssachverstandes in der Bevölkerung,0,national,association,2016,,23100,1,12100,300,1,1600,1,12476,Gräfenthal,Thüringen,50.525919,11.3058452,,,,,,,,None,,,Reichsbürger,,,,,,,,,,,,,,,,,,,,,,,,,,,YES,,,,,,,2016-01-01,2017-01-01,,VzFdRidB,0,1600,1600,1600,300,0,12476,0,0,0,1,None,0,0,0,13049.142,-573.14223
Altermedia Deutschland,1,national,media,2016,,23100,1,12100,300,1,1600,1,12476,Stuttgart,Baden-Württemberg,48.7784485,9.1800132,,,"YES (VfS2011, 104): Zwei Betreiber der Plattform wurden am 26. Oktober 2011 durch das Landgericht Rostock u.a. wegen Volksverhetzung und der Aufforderung zu Straftaten rechtskräftig zu Freiheitsstrafen von zwei Jahren und sechs Monaten bzw. zwei Jahren und drei Monaten verurteilt.",,,,,None,,formerly Störtebeker-Netz; explains site acquiring greater importance in 2012; Axel Möller,Antisemitismus,,,,,,,,,,,,,,,,,,YES,,,YES,YES,YES,YES,YES,YES,YES,,yes,,,,,2007-01-01,2017-01-01,2016-01-27,Altermedia Deutschland,1,1600,980,1600,300,0,12476,0,0,0,8,None,0,0,0,13049.142,-573.14223
Gruppe Freital,1,regional,association,2016,,23100,1,12100,300,1,1600,1,12476,Freital,Sachsen,51.016265,13.6530329,,,,,,YES (2016),,Members,https://www.antifainfoblatt.de/artikel/hartes-urteil-gegen-mitglieder-der-%E2%80%9Egruppe-freital%E2%80%9C,"led by Timo Schulz; also Justin S., Patrick Festing, Philipp Wendlin, Maria Kleinert, Mike Seidel, Sebastian Weiß, Rico Knobloch",Rechtsterrorismus,,,,,,,,,,,,,,,,,,,,,,,,,,,YES,yes,yes,,,yes,,2016-01-01,2017-01-01,2016-11-30,Gruppe Freital,1,1600,1600,1600,300,0,12476,0.25,1,0,1,Members,0.25,0,0,13049.142,-573.14223
Weisse Wölfe Terrorcrew,1,national,association,2016,,23100,1,12100,300,1,1600,1,12476,Schwerin,Mecklenburg-Vorpommern,53.6288297,11.4148038,70 (2016),,,,,YES (2015),,None,,,neo-Nazis; Rechtsterrorismus,,,,,,,,,,,,,,,,,,,,,,,,YES,YES,YES,YES,,,,,,,2013-01-01,2017-01-01,2016-03-16,Weisse Wölfe Terrorcrew,1,1600,801,1600,300,0,12476,0,1,0,4,None,0,0,0,13049.142,-573.14223
Autonome Nationalisten Berlin (AN Berlin),0,regional,association,2017,,24000,1,12700,600,1,1054,0,11894,Berlin,Berlin,52.5170365,13.3888599,,,,,,,,Members,,dissolved itself on 30 August 2017; was a sub-group of AKK,neo-Nazis,,,,,,,,,,,,,,,,,,,,,,,,,,,,YES,,,,,,2017-01-01,2018-01-01,,Autonome Nationalisten Berlin,0,1054,1054,1054,600,1,11894,0.25,1,0,1,Members,0.25,0,0,13419.194,-1525.19446
Kameradschaft Aryans,0,national,association,2017,,24000,1,12700,600,1,1054,0,11894,"Halle, Aschaffenburg, Darmstadt",,52.26783438,12.04679343,15 (2018),,,,,YES (2018),,Members,,founded Dec 2016. A member was previously part of OSS. Einer der Beschuldigten war kurzzeitig Mitglied der „Oldschool Society“ (OSS) und Teilnehmer der OSS-Gründungsveranstaltung im November 2014 in Borna (Sachsen).,Gewaltbereit; neo-Nazis,,,,,,,,,,,,,,,,,,,,,,,,,,,,YES,YES,,,,,2017-01-01,2019-01-01,2018-07-31,Kameradschaft Aryans,1,1054,1054,1088,600,1,11894,0.25,1,0,2,Members,0.25,0,0,13419.194,-1525.19446
Kaotic Chemnitz,0,regional,association,2018,,24100,1,12700,0,0,1088,0,12404,Chemnitz,Sachsen,50.8322608,12.9252977,,,,,,,,Members,https://www.der-rechte-rand.de/archive/3938/chemnitz-fussballszene/,,Hooligans/ultras,,,,,,,,,,,,,,,,,,,,,,,,,,,,,YES,,,,,2018-01-01,2019-01-01,,Kaotic Chemnitz,0,1088,1088,1088,0,0,12404,0.25,1,0,1,Members,0.25,0,0,13789.247,-1385.2467
Bürgerbewegung pro Chemnitz,0,regional,association,2018,,24100,1,12700,0,0,1088,0,12404,Chemnitz,Sachsen,50.8322608,12.9252977,,,,,,,,None,,"links to Pro Chemnitz (VfS2022, p.99)",Gewaltbereit,,,,,,,,,,,,,,,,,,,,,,,,,,,,,YES,,,,YES,2018-01-01,2023-01-01,,Bürgerbewegung pro Chemnitz,0,1088,1088,1088,0,0,12404,0,1,0,2,None,0,0,0,13789.247,-1385.2467
Revolution Chemnitz,0,regional,association,2018,,24100,1,12700,0,0,1088,0,12404,Chemnitz,Sachsen,50.8322608,12.9252977,,,,,,YES (2018),,Both,https://de.wikipedia.org/wiki/Sturm_34,,Gewaltbereit,,,,,,,,,,,,,,,,,,,,,,,,,,,,,YES,YES,yes,,,2018-01-01,2019-01-01,2018-10-01,Revolution Chemnitz,1,1088,1088,1088,0,0,12404,1,1,0,2,Both,1,0,0,13789.247,-1385.2467
Stiftung 36 Grad,0,regional,association,2018,,24100,1,12700,0,0,1088,0,12404,Berlin,Berlin,52.5170365,13.3888599,,,,,,,,None,,,Reichsbürger,,,,,,,,,,,,,,,,,,,,,,,,,,,,,YES,,,,,2018-01-01,2019-01-01,,Stiftung 36 Grad,0,1088,1088,1088,0,0,12404,0,0,0,1,None,0,0,0,13789.247,-1385.2467
Freie Bürger Union (FBU) – Landesverband Saarland,0,regional,party,2018,,24100,1,12700,0,0,1088,0,12404,Saarbrücken,Saarland,49.234362,6.996379,,,,,,,,None,,,Rechtsextremistische,,,,,,,,,,,,,,,,,,,,,,,,,,,,,YES,YES,,,,2018-01-01,2020-01-01,,Freie Bürger Union – Saarland,0,1088,1088,925,0,0,12404,0,0,1,2,None,0,0,0,13789.247,-1385.2467
Deutsche Konservative,0,regional,party,2019,,32080,1,13000,300,1,925,2,13988,Berlin,"Bayern, Berlin",52.5170365,13.3888599,,,,,,,,None,,,Rechtsextremistische,,,,,,,,,,,,,,,,,,,,,,,,,,,,,,YES,,,,2019-01-01,2020-01-01,,Deutsche Konservative,0,925,925,925,300,0,13988,0,0,1,1,None,0,0,0,14159.299,-171.29894
National Socialist Knights of the Ku Klux Klan,0,national,association,2019,,32080,1,13000,300,1,925,2,13988,Mayen,"Rheinland-Pfalz, Baden-Württemberg",50.3283544,7.2215134,,,,,,YES (2019),,Both,,https://dserver.bundestag.de/btd/20/022/2002208.pdf,neo-Nazi,,,,,,,,,,,,,,,,,,,,,,,,,,,,,,YES,,,,2019-01-01,2020-01-01,2019-04-17,National Socialist Knights of the KKK,1,925,925,925,300,0,13988,1,1,0,1,Both,1,0,0,14159.299,-171.29894
Schnelle Eingreiftruppe,0,regional,association,2019,,32080,1,13000,300,1,925,2,13988,Cottbus,Brandenburg,51.7567447,14.3357307,,,,,,YES (2019),,None,,,Hooligans/ultras,,,,,,,,,,,,,,,,,,,,,,,,,,,,,,YES,,,,2019-01-01,2020-01-01,2019-09-30,Schnelle Eingreiftruppe,1,925,925,925,300,0,13988,0,1,0,1,None,0,0,0,14159.299,-171.29894
Phalanx 18,1,regional,association,2019,,32080,1,13000,300,1,925,2,13988,Bremen,Bremen,53.0758196,8.8071646,,,,,,,,None,,"led by Michael Osterloh, Nicolai Salander and Andree Gliege",,,,,,,,,,,,,,,,,,,,,,,,,,,,,,,,,,,,,2019-11-20,Phalanx 18,1,925,925,925,300,0,13988,0,1,0,0,None,0,0,0,14159.299,-171.29894
Aryan Circle,0,national,association,2020,,33300,1,13300,300,1,1023,1,13425,Bad Segeberg,Schleswig-Holstein,53.9422672,10.3137943,,,,,,YES (2020),,Leader,,"led by Bernd Tödter (used to be in HNG, and led AD Jail Crew)",,,,,,,,,,,,,,,,,,,,,,,,,,,,,,,,YES,,,2020-01-01,2021-01-01,2020-10-14,Aryan Circle,1,1023,1023,1023,300,1,13425,0.75,1,0,1,Leader,0.75,0,0,14529.351,-1104.35117
Bismarks Erben,0,national,association,2020,,33300,1,13300,300,1,1023,1,13425,Teterow,Mecklenburg-Vorpommern,53.7709505,12.5753569,,,,,,,,None,,"also known as Ewiger Bund and Preußisches Institut, includes Vaterlaendischer Hilfsdienst",Reichsbürger,,,,,,,,,,,,,,,,,,,,,,,,,,,,,,,YES,YES,YES,2020-01-01,2023-01-01,,Bismarks Erben,0,1023,1023,1016,300,1,13425,0,0,0,3,None,0,0,0,14529.351,-1104.35117
Ein Prozent e.V.,0,national,association,2020,,33300,1,13300,300,1,1023,1,13425,Dresden,Sachsen,51.0493286,13.7381437,,,,,,,,None,,founded in 2015,Rechtsextremistische Verdachtsfälle; Neue Rechte,,,,,,,,,,,,,,,,,,,,,,,,,,,,,,,YES,YES,YES,2020-01-01,2023-01-01,,Ein Prozent e.V.,0,1023,1023,1016,300,1,13425,0,0,0,3,None,0,0,0,14529.351,-1104.35117
Goyim Partei Deutschland (GPD),0,national,party,2020,,33300,1,13300,300,1,1023,1,13425,Berlin,Berlin,52.5170365,13.3888599,,,,,,YES (2020),,None,,,,,,,,,,,,,,,,,,,,,,,,,,,,,,,,,,YES,,YES,2020-01-01,2021-01-01,2020-07-16,Goyim Partei Deutschland,1,1023,1023,1023,300,1,13425,0,0,1,2,None,0,0,0,14529.351,-1104.35117
Gruppe S,0,national,association,2020,,33300,1,13300,300,1,1023,1,13425,Mickhausen,Bayern,48.2409342,10.639933,,,,,,YES (2020),,None,,,,,,,,,,,,,,,,,,,,,,,,,,,,,,,,,,YES,yes,,2020-01-01,2021-01-01,2020-02-14,Gruppe S,1,1023,1023,1023,300,1,13425,0,1,0,1,None,0,0,0,14529.351,-1104.35117
Institut für Staatspolitik (IfS),0,national,association,2020,,33300,1,13300,300,1,1023,1,13425,Schnellroda,Sachsen-Anhalt,51.2949459,11.7129472,,,,,,,,None,https://www.apabiz.de/archiv/material/Profile/IfS.htm,,Rechtsextremistische Verdachtsfälle,,,,,,,,,,,,,,,,,,,,,,,,,,,,,,,YES,YES,YES,2020-01-01,2023-01-01,,Institut für Staatspolitik,0,1023,1023,1016,300,1,13425,0,0,0,3,None,0,0,0,14529.351,-1104.35117
Uniter,0,national,association,2020,,33300,1,13300,300,1,1023,1,13425,Stuttgart,Baden-Württemberg,48.7784485,9.1800132,,,,,,,,None,,,Rechtsextremistische Verdachtsfälle,,,,,,,,,,,,,,,,,,,,,,,,,,,,,,,YES,,,2020-01-01,2021-01-01,,Uniter,0,1023,1023,1023,300,1,13425,0,0,0,1,None,0,0,0,14529.351,-1104.35117
Combat 18 Deutschland,1,national,association,2020,,33300,1,13300,300,1,1023,1,13425,Kassel,Hessen,51.3154546,9.4924096,,,"YES (VfS2003, p39-40)","Bildung einer kriminellen Vereinigung for C18-Pinneberg, 2003; vandalism 2003; ",YES,YES (2003),1,Leader,,"Thorsten Heise; no evidence of terrorist activity (VfS2003, p39); fanzine 'Stormer'",Gewaltbereit,,,,,,,,,,,,,YES,YES,YES,,,,,,,,,,,,,YES,,,yes,,yes,2017-01-01,2021-01-01,2020-01-23,Combat 18 Deutschland,1,1023,772,1023,300,1,13425,0.75,1,0,4,Leader,0.75,0,0,14529.351,-1104.35117
Geeinte deutsche Völker und Stämme (and Osnabrücker Landmark),1,national,association,2020,,33300,1,13300,300,1,1023,1,13425,Berlin,Berlin,52.5170365,13.3888599,,,,,,YES (2019),,None,,,Reichsbürger,,,,,,,,,,,,,,,,,,,,,,,,,,,,YES,YES,YES,yes,YES,yes,2017-01-01,2021-01-01,2020-03-19,Geeinte deutsche Völker und Stämme,1,1023,1054,1023,300,1,13425,0,0,0,4,None,0,0,0,14529.351,-1104.35117
"Nordadler (aka Voelkische Gemeinschaft, Voelkische Renaissance, Voelkische Jugend and Voelkische Revolution)",1,national,association,2020,,33300,1,13300,300,1,1023,1,13425,Mackenrode,Thueringen,51.3050457,10.0676811,,,,,,YES (2018),,None,,,Gewaltbereit,,,,,,,,,,,,,,,,,,,,,,,,,,,,,YES,YES,yes,,,2018-01-01,2021-01-01,2020-06-23,Nordadler,1,1023,1088,1023,300,1,13425,0,1,0,2,None,0,0,0,14529.351,-1104.35117
Wolfsbrigade 44/Sturmbrigade 44,1,national,association,2020,,33300,1,13300,300,1,1023,1,13425,,Sachsen-Anhalt,52.0089065,11.7003344,,,,,,YES (2019),,None,,David Köckert,Gewaltbereit,,,,,,,,,,,,,,,,,,,,,,,,,,,,,,YES,yes,,,2019-01-01,2021-01-01,2020-12-01,Wolfsbrigade 44/Sturmbrigade 44,1,1023,925,1023,300,1,13425,0,1,0,1,None,0,0,0,14899.403,-3033.40341
Feuerkrieg Division Deutschland (FKDD),0,national,association,2021,,33900,1,13500,200,1,945,1,11866,Potsdam,Brandenburg,52.39180634,13.06447915,,,"YES (VfS2021, p72)",,YES,sort of…,1,None,,online group; https://dserver.bundestag.de/btd/20/026/2002669.pdf,,,,,,,,,,,,,,,,,,,,,,,,,,,,,,,,,YES,,2021-01-01,2022-01-01,2021-03-20,Feuerkrieg Division Deutschland,1,945,945,945,200,1,11866,0,1,0,1,None,0,0,0,14899.403,-3033.40341
Freie Sachsen,0,regional,party,2021,,33900,1,13500,200,1,945,1,11866,Chemnitz,Sachsen,50.8322608,12.9252977,1000 (2022),YES,,,,,,Members,https://de.wikipedia.org/wiki/Freie_Sachsen_(2021),"led by Martin Kohlmann, links to Pro Chemnitz (VfS2022, p.99)",Rechtsextremistische,,,,,,,,,,,,,,,,,,,,,,,,,,,,,,,,YES,YES,2021-01-01,2023-01-01,,Freie Sachsen,0,945,945,1016,200,1,11866,0.25,1,1,2,Members,0.25,0,0,14899.403,-3033.40341
Nationale Sozialisten Rostock und Baltik Korps,1,regional,association,2021,,33900,1,13500,200,1,945,1,11866,Rostock,Mecklenburg-Vorpommern,54.0924445,12.1286127,,,,,,,,None,,,,,,,,,,,,,,,,,,,,,,,,,,,,,,,,,,,YES,,2021-01-01,2022-01-01,2021-06-24,Nat. Sozialisten Rostock und Baltik Korps,1,945,945,945,200,1,11866,0,1,0,1,None,0,0,0,14899.403,-3033.40341
Atomwaffendivision Deutschland,0,national,association,2022,,38800,1,14000,500,1,1016,0,13026,Eisenach,Thueringen,50.977398,10.30694314,,,,,,YES (2022),1,None,,https://taz.de/Terrorverdacht-gegen-Rechtsextreme/!5847946/,Rechtsextremistische; neo-Nazi,,,,,,,,,,,,,,,,,,,,,,,,,,,,,,YES,,YES,YES,2019-01-01,2023-01-01,2022-04-06,Atomwaffendivision Deutschland,1,1016,925,1016,500,0,13026,0,1,0,3,None,0,1,0,15269.46,-2243.46
Der Schelm,0,regional,association,2022,,38800,1,14000,500,1,1016,0,13026,Röderaue,Sachsen,51.38832012,13.46957322,,,,,,YES (2022),,None,,,neo-Nazi,,,,,,,,,,,,,,,,,,,,,,,,,,,,,,,,,YES,2022-01-01,2023-01-01,2022-06-01,Der Schelm,1,1016,1016,1016,500,0,13026,0,1,0,1,None,0,1,0,15269.455,-2243.46
Knockout 51 (KO 51),0,regional,association,2022,,38800,1,14000,500,1,1016,0,13026,Eisenach,Thueringen,50.977398,10.30694314,,,,,,YES (2022),,Both,,https://taz.de/Terrorverdacht-gegen-Rechtsextreme/!5847946/,neo-Nazi,,,,,,,,,,,,,,,,,,,,,,,,,,,,,,,,,YES,2022-01-01,2023-01-01,2022-04-06,Knockout 51,1,1016,1016,1016,500,0,13026,1,1,0,1,Both,1,1,0,15269.455,-2243.46
Neue Staerke Partei (NSP),0,national,party,2022,,38800,1,14000,500,1,1016,0,13026,Erfurt,Thueringen,50.950913,11.08914408,,,,,,,,None,,,Rechtsextremistische,,,,,,,,,,,,,,,,,,,,,,,,,,,,,,,,,YES,2022-01-01,2023-01-01,,Neue Staerke Partei,0,1016,1016,1016,500,0,13026,0,0,1,1,None,0,1,0,15269.46,-2243.46
Sonderkommando 1418 (SKD 1418),0,national,association,2022,,38800,1,14000,500,1,1016,0,13026,Eisenach,Thueringen,50.977398,10.30694314,,,,,,YES (2022),,None,,,Rechtsextremistische,,,,,,,,,,,,,,,,,,,,,,,,,,,,,,,,,YES,2022-01-01,2023-01-01,2022-04-06,Sonderkommando 1418,1,1016,1016,1016,500,0,13026,0,1,0,1,None,0,1,0,15269.46,-2243.46
Vereinte Patrioten,0,national,association,2022,,38800,1,14000,500,1,1016,0,13026,Falkensee,Brandenburg,52.56286753,13.07115717,,,,,,,,None,,online (Telegram); https://www.tagesschau.de/investigativ/report-mainz/vereinte-patrioten-101.html,Rechtsextremistische,,,,,,,,,,,,,,,,,,,,,,,,,,,,,,,,,YES,2022-01-01,2023-01-01,2022-04-12,Vereinte Patrioten,1,1016,1016,1016,500,0,13026,0,1,0,1,None,0,1,0,15269.46,-2243.46
Hammerskins,1,national,association,2023,,38800,1,14000,500,1,1016,0,13026,Ludwigshafen,Rheinland-Pfalz,49.4704113,8.4381568,"140 (2015), 130 (2013), 100 (2004), 120 (2002), 100 (2000), 120 (1999)",,"YES: (VfS2002, p40)",,YES,,1,Members,https://www.bpb.de/themen/rechtsextremismus/dossier-rechtsextremismus/500782/hammerskins/,,"Gewaltbereit, Skinheads",,,,,,YES,YES,YES,YES,YES,YES,YES,YES,YES,YES,YES,,,,,YES,YES,YES,YES,YES,YES,YES,,,,,,,1995-01-01,2017-01-01,2023-09-01,Hammerskins,1,837,837,1600,500,0,13026,0.25,1,0,18,Members,0.25,1,0,15269.46,-2243.46
Artgemeinschaft - Germanische Glaubens-Gemeinscahft wesensgemaesser Lebensgestaltung e.V,1,national,association,2023,,38800,1,14000,500,1,1016,0,7888,Stockstadt,Bayern,49.97456741,9.067868233,150,,,,,,,Both,https://www.apabiz.de/archiv/material/Profile/Artgemeinschaft.htm,connected to Jurgen Rieger,sonstige rechtsextremistische Gruppen,,,,,,,,YES,,,,,,,,YES,,,,,,,,,,,,,,,,,,1997-01-01,1998-01-01,2023-09-27,AGGGwL,1,790,790,1600,500,0,13026,1,0,0,2,Both,1,1,0,15269.46,-2243.46